transaction_id,business_id,amount,timestamp,payee,payment_type,device_id,location,is_new_payee,is_new_device,historical_avg_amount
TXN00001,B001,697.0,2026-08-09 10:43:00,Payee_095,DIRECT_DEBIT,DEV_003,Adelaide,False,True,704
TXN00002,B002,1954.98,2026-06-06 16:01:00,Payee_072,BANK_TRANSFER,DEV_018,Perth,False,False,2405
TXN00003,B001,1675.11,2026-07-26 10:48:00,Payee_044,BANK_TRANSFER,DEV_003,Perth,False,False,1807
TXN00004,B005,2090.12,2026-06-25 08:34:00,Payee_016,BPAY,DEV_003,Adelaide,False,False,2666
TXN00005,B003,2030.26,2026-07-16 11:05:00,Payee_030,BANK_TRANSFER,DEV_013,Brisbane,False,False,2075
TXN00006,B002,3272.49,2026-07-27 13:42:00,Payee_035,DIRECT_DEBIT,DEV_003,Adelaide,False,False,3532
TXN00007,B002,1483.69,2026-05-26 18:35:00,Payee_029,DIRECT_DEBIT,DEV_011,Melbourne,False,True,1838
TXN00008,B003,3962.38,2026-08-14 12:13:00,Payee_073,DIRECT_DEBIT,DEV_011,Sydney,False,False,3786
TXN00009,B004,1640.67,2026-06-15 16:16:00,Payee_096,DIRECT_DEBIT,DEV_014,Adelaide,False,False,1670
TXN00010,B002,5549.56,2026-08-11 15:48:00,Payee_007,BANK_TRANSFER,DEV_005,Sydney,False,False,4674
TXN00011,B001,1413.09,2026-07-21 16:35:00,Payee_002,DIRECT_DEBIT,DEV_004,Adelaide,False,False,3652
TXN00012,B003,2210.04,2026-06-28 12:10:00,Payee_059,BANK_TRANSFER,DEV_009,Adelaide,False,False,1413
TXN00013,B001,3421.21,2026-08-03 11:23:00,Payee_098,BANK_TRANSFER,DEV_018,Adelaide,False,False,2944
TXN00014,B004,494.52,2026-07-07 09:56:00,Payee_040,BANK_TRANSFER,DEV_002,Sydney,False,False,659
TXN00015,B001,5728.33,2026-08-06 16:08:00,Payee_085,BPAY,DEV_018,Sydney,False,False,4481
TXN00016,B004,822.32,2026-05-26 16:12:00,Payee_092,BPAY,DEV_013,Brisbane,False,False,2235
TXN00017,B001,2620.96,2026-06-13 17:14:00,Payee_076,BANK_TRANSFER,DEV_001,Melbourne,False,False,2530
TXN00018,B001,926.75,2026-08-13 13:32:00,Payee_031,BPAY,DEV_016,Sydney,False,False,757
TXN00019,B005,4426.41,2026-07-29 14:06:00,Payee_013,DIRECT_DEBIT,DEV_014,Brisbane,False,False,4372
TXN00020,B001,1675.18,2026-07-02 08:46:00,Payee_044,BANK_TRANSFER,DEV_008,Sydney,False,False,1306
TXN00021,B004,1935.27,2026-06-27 09:51:00,Payee_071,BANK_TRANSFER,DEV_002,Adelaide,False,False,2003
TXN00022,B002,2209.27,2026-06-21 14:30:00,Payee_028,BPAY,DEV_002,Sydney,False,False,1862
TXN00023,B003,3868.47,2026-05-30 16:45:00,Payee_063,BANK_TRANSFER,DEV_007,Brisbane,False,False,4227
TXN00024,B005,1375.31,2026-08-15 13:03:00,Payee_075,BPAY,DEV_017,Adelaide,False,False,999
TXN00025,B001,2194.35,2026-07-02 11:07:00,Payee_073,BANK_TRANSFER,DEV_019,Adelaide,True,False,2022
TXN00026,B005,4969.2,2026-07-20 13:13:00,Payee_086,DIRECT_DEBIT,DEV_011,Sydney,False,False,4782
TXN00027,B003,3529.3,2026-08-21 09:29:00,Payee_080,DIRECT_DEBIT,DEV_004,Melbourne,False,False,4245
TXN00028,B002,4641.58,2026-07-22 09:23:00,Payee_037,BANK_TRANSFER,DEV_015,Adelaide,False,False,3359
TXN00029,B005,475.51,2026-08-09 18:56:00,Payee_018,BPAY,DEV_004,Melbourne,False,False,564
TXN00030,B003,1609.68,2026-07-27 13:43:00,Payee_082,BPAY,DEV_017,Perth,False,False,2225
TXN00031,B001,863.52,2026-08-22 08:21:00,Payee_099,BANK_TRANSFER,DEV_009,Sydney,False,False,1256
TXN00032,B004,375.63,2026-08-13 09:56:00,Payee_089,BANK_TRANSFER,DEV_018,Melbourne,False,False,579
TXN00033,B002,4620.67,2026-07-08 08:13:00,Payee_088,BANK_TRANSFER,DEV_004,Brisbane,False,False,4020
TXN00034,B004,2038.11,2026-08-02 11:51:00,Payee_023,BPAY,DEV_001,Sydney,False,False,1766
TXN00035,B004,2414.6,2026-07-05 09:55:00,Payee_005,BPAY,DEV_008,Sydney,False,False,2532
TXN00036,B003,3398.17,2026-08-19 11:42:00,Payee_025,BPAY,DEV_011,Brisbane,False,False,2364
TXN00037,B003,2838.65,2026-07-11 16:01:00,Payee_015,BPAY,DEV_006,Adelaide,False,False,3376
TXN00038,B001,3263.07,2026-07-13 13:27:00,Payee_078,DIRECT_DEBIT,DEV_004,Perth,False,False,4059
TXN00039,B001,6392.36,2026-05-27 16:46:00,Payee_095,DIRECT_DEBIT,DEV_007,Brisbane,False,False,4072
TXN00040,B003,3089.6,2026-08-07 18:46:00,Payee_039,DIRECT_DEBIT,DEV_010,Perth,False,False,3071
TXN00041,B005,1745.72,2026-05-28 14:47:00,Payee_023,DIRECT_DEBIT,DEV_019,Brisbane,False,False,1542
TXN00042,B003,3834.07,2026-06-28 11:50:00,Payee_075,DIRECT_DEBIT,DEV_011,Perth,False,False,2850
TXN00043,B005,5128.72,2026-05-30 10:05:00,Payee_037,DIRECT_DEBIT,DEV_020,Brisbane,False,False,4376
TXN00044,B002,1186.01,2026-07-28 11:09:00,Payee_004,BANK_TRANSFER,DEV_008,Perth,False,False,3042
TXN00045,B004,4857.4,2026-06-20 14:25:00,Payee_032,BANK_TRANSFER,DEV_001,Melbourne,False,False,3895
TXN00046,B005,3380.64,2026-06-12 08:15:00,Payee_016,BPAY,DEV_005,Perth,False,False,4305
TXN00047,B005,4651.84,2026-06-19 17:27:00,Payee_071,BPAY,DEV_006,Perth,False,False,3099
TXN00048,B003,3994.05,2026-06-03 15:15:00,Payee_036,BPAY,DEV_003,Brisbane,False,False,4770
TXN00049,B005,1295.72,2026-05-24 10:13:00,Payee_009,BPAY,DEV_014,Brisbane,False,False,1160
TXN00050,B002,4486.9,2026-06-09 14:44:00,Payee_003,DIRECT_DEBIT,DEV_013,Perth,True,False,3941
TXN00051,B004,2376.75,2026-07-25 17:31:00,Payee_029,BPAY,DEV_014,Perth,True,False,3932
TXN00052,B004,1672.62,2026-08-06 15:39:00,Payee_069,BANK_TRANSFER,DEV_013,Adelaide,False,True,1852
TXN00053,B004,1781.9,2026-07-05 12:20:00,Payee_028,BPAY,DEV_011,Brisbane,False,False,1611
TXN00054,B004,2264.38,2026-06-23 09:01:00,Payee_096,DIRECT_DEBIT,DEV_002,Brisbane,False,False,2566
TXN00055,B001,873.45,2026-06-04 08:09:00,Payee_031,BANK_TRANSFER,DEV_016,Melbourne,False,False,754
TXN00056,B003,3338.25,2026-06-06 10:38:00,Payee_096,DIRECT_DEBIT,DEV_004,Sydney,False,False,3521
TXN00057,B001,1572.17,2026-07-03 14:45:00,Payee_026,BANK_TRANSFER,DEV_019,Sydney,False,False,3055
TXN00058,B005,1117.68,2026-08-17 17:22:00,Payee_069,BPAY,DEV_012,Melbourne,False,False,1491
TXN00059,B004,6778.97,2026-06-25 18:45:00,Payee_020,BPAY,DEV_006,Adelaide,False,False,4515
TXN00060,B005,6206.88,2026-06-28 15:52:00,Payee_094,DIRECT_DEBIT,DEV_009,Brisbane,False,False,4460
TXN00061,B001,3166.99,2026-06-11 15:39:00,Payee_086,BPAY,DEV_011,Melbourne,False,False,2784
TXN00062,B004,1953.89,2026-07-20 13:21:00,Payee_036,DIRECT_DEBIT,DEV_009,Adelaide,True,False,2237
TXN00063,B001,2342.95,2026-05-26 11:30:00,Payee_083,DIRECT_DEBIT,DEV_016,Perth,False,False,2477
TXN00064,B002,2727.81,2026-07-14 11:42:00,Payee_075,BPAY,DEV_016,Adelaide,False,False,3812
TXN00065,B005,2682.35,2026-07-21 12:14:00,Payee_016,DIRECT_DEBIT,DEV_007,Brisbane,False,False,3209
TXN00066,B002,2525.35,2026-06-22 11:17:00,Payee_093,DIRECT_DEBIT,DEV_017,Adelaide,False,False,2069
TXN00067,B002,2990.87,2026-05-24 08:34:00,Payee_017,BPAY,DEV_002,Melbourne,False,False,2926
TXN00068,B002,5224.73,2026-08-21 09:36:00,Payee_037,BPAY,DEV_016,Perth,False,False,4521
TXN00069,B003,4718.77,2026-08-13 15:36:00,Payee_081,DIRECT_DEBIT,DEV_002,Sydney,False,False,4413
TXN00070,B003,1269.28,2026-08-07 11:35:00,Payee_098,BPAY,DEV_020,Adelaide,False,False,1197
TXN00071,B005,2685.31,2026-06-29 17:19:00,Payee_073,DIRECT_DEBIT,DEV_002,Adelaide,False,False,3616
TXN00072,B002,2412.28,2026-05-30 12:05:00,Payee_021,BANK_TRANSFER,DEV_006,Adelaide,True,True,2228
TXN00073,B004,4146.75,2026-05-25 12:55:00,Payee_059,BANK_TRANSFER,DEV_008,Brisbane,False,False,4349
TXN00074,B002,4680.25,2026-06-14 09:14:00,Payee_083,BANK_TRANSFER,DEV_009,Sydney,True,False,3982
TXN00075,B003,2116.88,2026-05-25 12:25:00,Payee_035,DIRECT_DEBIT,DEV_018,Perth,False,False,2864
TXN00076,B004,3469.36,2026-07-21 17:01:00,Payee_012,BANK_TRANSFER,DEV_019,Adelaide,False,False,3140
TXN00077,B003,839.58,2026-05-31 16:28:00,Payee_036,BANK_TRANSFER,DEV_019,Perth,False,False,829
TXN00078,B001,3677.33,2026-07-01 13:21:00,Payee_042,DIRECT_DEBIT,DEV_004,Sydney,False,False,4350
TXN00079,B003,4244.45,2026-08-11 15:20:00,Payee_033,BPAY,DEV_004,Perth,False,False,3780
TXN00080,B001,3504.77,2026-07-01 15:03:00,Payee_025,DIRECT_DEBIT,DEV_012,Adelaide,False,False,4944
TXN00081,B001,2136.29,2026-06-27 12:56:00,Payee_090,BPAY,DEV_004,Melbourne,False,False,2167
TXN00082,B002,2033.72,2026-06-13 12:00:00,Payee_071,BPAY,DEV_003,Sydney,False,False,1797
TXN00083,B004,1335.32,2026-06-18 12:45:00,Payee_035,BPAY,DEV_016,Perth,False,False,1462
TXN00084,B004,1822.49,2026-06-18 17:47:00,Payee_018,BANK_TRANSFER,DEV_009,Perth,False,False,2061
TXN00085,B003,498.53,2026-06-09 17:42:00,Payee_063,BANK_TRANSFER,DEV_015,Adelaide,False,False,521
TXN00086,B005,4329.8,2026-07-12 15:55:00,Payee_025,DIRECT_DEBIT,DEV_008,Adelaide,False,False,3590
TXN00087,B004,756.27,2026-07-04 14:42:00,Payee_084,BANK_TRANSFER,DEV_016,Melbourne,False,False,857
TXN00088,B003,1662.27,2026-08-10 15:33:00,Payee_059,BANK_TRANSFER,DEV_005,Perth,False,False,1322
TXN00089,B001,4513.79,2026-05-26 17:25:00,Payee_084,BANK_TRANSFER,DEV_011,Adelaide,False,False,4346
TXN00090,B004,3983.32,2026-06-04 08:04:00,Payee_031,DIRECT_DEBIT,DEV_010,Sydney,False,False,4932
TXN00091,B001,845.53,2026-08-17 08:20:00,Payee_008,BPAY,DEV_012,Brisbane,False,False,1323
TXN00092,B004,2238.32,2026-07-31 10:05:00,Payee_079,BPAY,DEV_020,Sydney,False,False,1975
TXN00093,B002,3508.9,2026-08-21 18:57:00,Payee_060,BPAY,DEV_018,Sydney,True,False,4277
TXN00094,B005,2326.5,2026-06-29 18:44:00,Payee_033,BPAY,DEV_010,Sydney,False,False,2950
TXN00095,B001,2019.78,2026-05-25 12:18:00,Payee_003,DIRECT_DEBIT,DEV_013,Brisbane,True,False,2443
TXN00096,B001,5299.63,2026-07-24 12:38:00,Payee_046,BANK_TRANSFER,DEV_007,Adelaide,False,False,4569
TXN00097,B002,1678.42,2026-06-27 12:02:00,Payee_075,BPAY,DEV_005,Melbourne,False,False,1295
TXN00098,B004,1539.58,2026-08-06 11:50:00,Payee_070,BPAY,DEV_017,Adelaide,False,False,1938
TXN00099,B003,5357.38,2026-08-08 13:29:00,Payee_010,BANK_TRANSFER,DEV_008,Perth,False,False,4447
TXN00100,B003,1186.28,2026-08-21 14:16:00,Payee_069,BANK_TRANSFER,DEV_015,Brisbane,False,False,1239
TXN00101,B005,4565.51,2026-05-28 09:14:00,Payee_061,BANK_TRANSFER,DEV_020,Adelaide,False,False,3621
TXN00102,B001,2008.86,2026-05-31 12:26:00,Payee_015,BANK_TRANSFER,DEV_002,Melbourne,False,False,4303
TXN00103,B001,2671.41,2026-07-06 15:42:00,Payee_096,DIRECT_DEBIT,DEV_018,Perth,False,False,2423
TXN00104,B004,1195.86,2026-06-05 15:26:00,Payee_036,BANK_TRANSFER,DEV_012,Sydney,False,False,1311
TXN00105,B003,1624.84,2026-07-08 18:03:00,Payee_051,BPAY,DEV_007,Melbourne,False,False,1313
TXN00106,B001,2173.03,2026-06-02 18:38:00,Payee_003,BANK_TRANSFER,DEV_011,Sydney,False,False,2237
TXN00107,B002,1224.25,2026-07-26 17:52:00,Payee_030,BPAY,DEV_005,Adelaide,True,False,1062
TXN00108,B002,1128.19,2026-07-21 16:51:00,Payee_023,BANK_TRANSFER,DEV_001,Sydney,True,False,1564
TXN00109,B002,3767.81,2026-06-30 10:33:00,Payee_015,DIRECT_DEBIT,DEV_003,Perth,False,False,3152
TXN00110,B005,1420.07,2026-06-19 15:14:00,Payee_079,BANK_TRANSFER,DEV_017,Brisbane,False,False,1393
TXN00111,B001,5092.03,2026-06-21 09:45:00,Payee_057,BANK_TRANSFER,DEV_003,Brisbane,False,False,4423
TXN00112,B003,3914.72,2026-07-05 13:38:00,Payee_068,BPAY,DEV_015,Adelaide,False,False,4992
TXN00113,B001,1190.37,2026-07-10 14:52:00,Payee_059,BPAY,DEV_014,Melbourne,False,False,2261
TXN00114,B003,4359.68,2026-05-27 10:59:00,Payee_061,BANK_TRANSFER,DEV_003,Melbourne,False,False,3566
TXN00115,B003,1077.33,2026-06-12 16:21:00,Payee_086,BANK_TRANSFER,DEV_014,Brisbane,False,False,1565
TXN00116,B004,814.88,2026-06-07 12:19:00,Payee_046,BANK_TRANSFER,DEV_019,Adelaide,False,False,921
TXN00117,B002,1126.11,2026-07-18 09:36:00,Payee_029,BPAY,DEV_018,Adelaide,False,False,1386
TXN00118,B001,3383.2,2026-07-30 08:17:00,Payee_090,BPAY,DEV_011,Brisbane,True,False,2690
TXN00119,B005,5191.26,2026-08-11 08:47:00,Payee_068,BANK_TRANSFER,DEV_013,Perth,False,False,3783
TXN00120,B003,3706.29,2026-06-07 17:05:00,Payee_007,BANK_TRANSFER,DEV_006,Adelaide,True,False,3157
TXN00121,B004,2904.39,2026-07-26 12:48:00,Payee_066,BANK_TRANSFER,DEV_012,Perth,False,False,3973
TXN00122,B005,4595.0,2026-05-29 16:19:00,Payee_006,BANK_TRANSFER,DEV_013,Adelaide,True,False,4486
TXN00123,B002,1653.82,2026-08-22 09:31:00,Payee_096,BPAY,DEV_006,Sydney,False,False,1624
TXN00124,B005,2700.88,2026-07-03 09:55:00,Payee_095,BANK_TRANSFER,DEV_014,Melbourne,False,False,3401
TXN00125,B003,2602.28,2026-07-16 14:07:00,Payee_052,BANK_TRANSFER,DEV_011,Sydney,False,False,4016
TXN00126,B003,1007.41,2026-08-09 14:15:00,Payee_056,DIRECT_DEBIT,DEV_013,Adelaide,True,False,1221
TXN00127,B003,2139.92,2026-06-02 16:07:00,Payee_068,DIRECT_DEBIT,DEV_007,Brisbane,False,False,2315
TXN00128,B002,2755.19,2026-08-04 09:16:00,Payee_026,BANK_TRANSFER,DEV_020,Sydney,False,False,2435
TXN00129,B002,3120.23,2026-06-26 17:43:00,Payee_073,DIRECT_DEBIT,DEV_020,Brisbane,False,False,4547
TXN00130,B002,4398.61,2026-06-23 09:28:00,Payee_081,BPAY,DEV_009,Adelaide,True,False,4102
TXN00131,B003,3932.2,2026-08-13 12:41:00,Payee_012,DIRECT_DEBIT,DEV_020,Adelaide,False,False,4282
TXN00132,B001,4290.53,2026-05-31 17:12:00,Payee_042,DIRECT_DEBIT,DEV_016,Adelaide,False,False,4184
TXN00133,B001,3658.54,2026-07-31 18:02:00,Payee_032,DIRECT_DEBIT,DEV_015,Perth,False,False,3313
TXN00134,B003,3512.81,2026-07-04 12:26:00,Payee_100,BPAY,DEV_020,Melbourne,False,False,3554
TXN00135,B001,4198.72,2026-07-21 12:46:00,Payee_085,DIRECT_DEBIT,DEV_005,Brisbane,False,False,3200
TXN00136,B003,3681.71,2026-05-25 18:42:00,Payee_051,BANK_TRANSFER,DEV_020,Melbourne,False,False,3041
TXN00137,B003,1196.55,2026-06-16 18:05:00,Payee_083,DIRECT_DEBIT,DEV_014,Adelaide,False,False,1546
TXN00138,B002,1325.64,2026-06-21 13:12:00,Payee_029,BANK_TRANSFER,DEV_005,Melbourne,False,False,2254
TXN00139,B005,6221.7,2026-05-30 08:21:00,Payee_099,DIRECT_DEBIT,DEV_005,Adelaide,False,False,4921
TXN00140,B005,1027.91,2026-08-17 15:26:00,Payee_047,DIRECT_DEBIT,DEV_008,Perth,False,False,1856
TXN00141,B004,1908.04,2026-07-29 15:23:00,Payee_087,DIRECT_DEBIT,DEV_015,Perth,False,False,2416
TXN00142,B005,4600.08,2026-08-02 14:52:00,Payee_026,DIRECT_DEBIT,DEV_005,Brisbane,True,False,4820
TXN00143,B003,1243.09,2026-07-17 09:05:00,Payee_098,BANK_TRANSFER,DEV_009,Perth,False,False,1340
TXN00144,B004,885.3,2026-06-26 11:56:00,Payee_045,BANK_TRANSFER,DEV_014,Melbourne,False,False,1251
TXN00145,B004,1118.65,2026-05-31 09:21:00,Payee_019,BANK_TRANSFER,DEV_002,Brisbane,False,False,1168
TXN00146,B002,4525.65,2026-06-05 15:00:00,Payee_011,BANK_TRANSFER,DEV_009,Sydney,False,False,4342
TXN00147,B005,2974.64,2026-07-15 11:07:00,Payee_007,BANK_TRANSFER,DEV_014,Adelaide,False,False,4823
TXN00148,B004,5872.1,2026-06-03 08:32:00,Payee_074,BANK_TRANSFER,DEV_005,Brisbane,False,False,4891
TXN00149,B002,4469.52,2026-07-07 16:04:00,Payee_068,DIRECT_DEBIT,DEV_017,Adelaide,False,False,3912
TXN00150,B004,1149.54,2026-07-04 18:23:00,Payee_033,DIRECT_DEBIT,DEV_001,Brisbane,False,False,856
TXN00151,B001,3725.23,2026-06-01 13:11:00,Payee_100,DIRECT_DEBIT,DEV_015,Perth,False,False,3223
TXN00152,B001,4985.06,2026-07-16 08:12:00,Payee_006,BANK_TRANSFER,DEV_002,Brisbane,False,False,4249
TXN00153,B005,4339.88,2026-07-17 11:22:00,Payee_100,BANK_TRANSFER,DEV_011,Brisbane,False,False,4378
TXN00154,B004,5817.34,2026-07-10 14:11:00,Payee_064,DIRECT_DEBIT,DEV_016,Brisbane,False,False,4102
TXN00155,B001,5164.77,2026-06-14 10:18:00,Payee_042,BANK_TRANSFER,DEV_003,Brisbane,False,False,3977
TXN00156,B005,4634.69,2026-05-26 10:28:00,Payee_045,BPAY,DEV_002,Brisbane,False,False,3990
TXN00157,B001,978.87,2026-05-28 16:10:00,Payee_004,BANK_TRANSFER,DEV_020,Perth,True,False,1114
TXN00158,B003,2687.58,2026-06-11 14:02:00,Payee_078,BANK_TRANSFER,DEV_015,Brisbane,False,False,3466
TXN00159,B005,1224.19,2026-07-18 18:15:00,Payee_015,BANK_TRANSFER,DEV_006,Perth,False,False,1627
TXN00160,B001,2521.43,2026-05-24 12:28:00,Payee_028,DIRECT_DEBIT,DEV_010,Perth,False,False,2644
TXN00161,B001,4978.83,2026-05-27 09:54:00,Payee_041,DIRECT_DEBIT,DEV_012,Melbourne,False,False,4203
TXN00162,B003,2415.53,2026-07-31 18:50:00,Payee_047,DIRECT_DEBIT,DEV_008,Melbourne,False,False,1790
TXN00163,B002,5971.94,2026-06-24 13:51:00,Payee_071,BANK_TRANSFER,DEV_020,Melbourne,True,False,4547
TXN00164,B004,5057.02,2026-07-01 14:52:00,Payee_074,BANK_TRANSFER,DEV_005,Brisbane,False,False,4806
TXN00165,B005,4402.42,2026-06-02 16:37:00,Payee_024,BANK_TRANSFER,DEV_014,Adelaide,False,False,3322
TXN00166,B001,6352.95,2026-07-15 10:10:00,Payee_021,BPAY,DEV_008,Brisbane,False,False,4744
TXN00167,B003,1144.45,2026-07-18 16:08:00,Payee_081,BPAY,DEV_020,Adelaide,False,False,1146
TXN00168,B005,2388.8,2026-05-30 10:39:00,Payee_093,DIRECT_DEBIT,DEV_011,Adelaide,True,False,1763
TXN00169,B001,1226.93,2026-05-31 12:13:00,Payee_099,DIRECT_DEBIT,DEV_014,Adelaide,False,False,872
TXN00170,B005,2480.34,2026-07-15 18:30:00,Payee_032,DIRECT_DEBIT,DEV_013,Brisbane,False,False,2872
TXN00171,B002,3112.53,2026-06-06 13:09:00,Payee_041,DIRECT_DEBIT,DEV_011,Brisbane,False,False,4101
TXN00172,B003,5384.55,2026-08-09 16:20:00,Payee_031,BPAY,DEV_004,Brisbane,False,False,4718
TXN00173,B001,4230.38,2026-07-22 14:55:00,Payee_021,BPAY,DEV_019,Brisbane,False,False,2877
TXN00174,B005,3597.24,2026-07-14 15:31:00,Payee_003,BANK_TRANSFER,DEV_013,Adelaide,False,False,4324
TXN00175,B005,4046.97,2026-05-31 17:43:00,Payee_061,BPAY,DEV_018,Melbourne,False,False,3390
TXN00176,B003,3709.84,2026-07-07 14:02:00,Payee_052,BANK_TRANSFER,DEV_019,Adelaide,False,False,3496
TXN00177,B001,2107.01,2026-06-04 12:43:00,Payee_079,BANK_TRANSFER,DEV_005,Melbourne,False,False,3664
TXN00178,B003,3455.28,2026-07-28 10:38:00,Payee_066,BPAY,DEV_017,Melbourne,True,False,3495
TXN00179,B003,3762.7,2026-08-05 16:20:00,Payee_079,BPAY,DEV_006,Perth,False,False,4380
TXN00180,B003,3199.0,2026-06-18 16:34:00,Payee_063,DIRECT_DEBIT,DEV_019,Brisbane,False,True,3255
TXN00181,B003,1855.69,2026-08-19 18:38:00,Payee_061,BPAY,DEV_019,Adelaide,False,False,1397
TXN00182,B004,1816.95,2026-06-03 16:46:00,Payee_080,BPAY,DEV_005,Sydney,True,False,1896
TXN00183,B001,2506.12,2026-07-01 10:44:00,Payee_027,BPAY,DEV_017,Adelaide,False,False,2062
TXN00184,B001,1673.0,2026-07-27 16:35:00,Payee_042,DIRECT_DEBIT,DEV_016,Adelaide,False,False,1631
TXN00185,B004,4243.23,2026-06-01 18:51:00,Payee_089,BPAY,DEV_020,Perth,False,False,4867
TXN00186,B005,3520.96,2026-07-15 11:49:00,Payee_037,DIRECT_DEBIT,DEV_007,Perth,False,False,2945
TXN00187,B003,3630.66,2026-07-03 14:52:00,Payee_045,BANK_TRANSFER,DEV_010,Melbourne,False,False,2857
TXN00188,B003,5196.47,2026-07-21 18:47:00,Payee_062,BANK_TRANSFER,DEV_007,Adelaide,False,False,4123
TXN00189,B003,2140.19,2026-07-22 11:03:00,Payee_086,DIRECT_DEBIT,DEV_008,Sydney,True,False,1624
TXN00190,B004,1667.45,2026-08-05 18:00:00,Payee_071,BANK_TRANSFER,DEV_014,Perth,False,False,1323
TXN00191,B003,3070.67,2026-05-31 09:36:00,Payee_030,DIRECT_DEBIT,DEV_002,Sydney,False,False,3131
TXN00192,B001,4071.51,2026-07-30 15:59:00,Payee_096,BPAY,DEV_002,Melbourne,False,False,3752
TXN00193,B003,1858.91,2026-06-20 16:56:00,Payee_018,DIRECT_DEBIT,DEV_015,Brisbane,False,False,2831
TXN00194,B002,4690.37,2026-07-21 18:45:00,Payee_024,BANK_TRANSFER,DEV_011,Brisbane,False,False,4259
TXN00195,B002,4355.69,2026-07-02 09:42:00,Payee_013,BANK_TRANSFER,DEV_005,Perth,False,False,3821
TXN00196,B003,2671.96,2026-06-26 11:48:00,Payee_035,BPAY,DEV_010,Adelaide,False,True,3642
TXN00197,B003,2717.4,2026-08-02 12:25:00,Payee_088,DIRECT_DEBIT,DEV_010,Melbourne,False,False,2435
TXN00198,B003,2419.18,2026-08-05 11:30:00,Payee_020,BPAY,DEV_020,Brisbane,False,False,2309
TXN00199,B004,5638.16,2026-05-27 11:48:00,Payee_077,BANK_TRANSFER,DEV_017,Perth,False,False,4903
TXN00200,B005,791.07,2026-06-13 08:57:00,Payee_065,BANK_TRANSFER,DEV_019,Adelaide,False,False,1419
TXN00201,B005,4639.18,2026-06-21 17:05:00,Payee_066,BPAY,DEV_002,Perth,False,False,4119
TXN00202,B005,1081.93,2026-06-24 16:43:00,Payee_040,DIRECT_DEBIT,DEV_001,Perth,False,True,972
TXN00203,B002,1340.15,2026-06-14 09:03:00,Payee_009,BPAY,DEV_002,Brisbane,False,False,1098
TXN00204,B004,3797.1,2026-06-26 14:55:00,Payee_049,BPAY,DEV_003,Adelaide,False,False,3567
TXN00205,B001,2451.67,2026-07-25 10:53:00,Payee_001,BANK_TRANSFER,DEV_010,Perth,False,False,1962
TXN00206,B005,3566.51,2026-07-22 11:29:00,Payee_045,BANK_TRANSFER,DEV_009,Sydney,False,False,3607
TXN00207,B001,835.6,2026-07-23 08:13:00,Payee_009,BANK_TRANSFER,DEV_020,Melbourne,False,False,763
TXN00208,B001,1896.43,2026-07-02 08:28:00,Payee_030,DIRECT_DEBIT,DEV_007,Melbourne,False,False,2504
TXN00209,B002,1928.65,2026-07-23 13:19:00,Payee_019,DIRECT_DEBIT,DEV_017,Sydney,False,False,3112
TXN00210,B005,1544.77,2026-05-28 18:27:00,Payee_072,BPAY,DEV_002,Brisbane,False,False,1934
TXN00211,B005,2847.29,2026-07-05 12:11:00,Payee_097,DIRECT_DEBIT,DEV_016,Sydney,False,False,3111
TXN00212,B002,3255.54,2026-06-12 08:26:00,Payee_054,DIRECT_DEBIT,DEV_017,Sydney,False,False,4293
TXN00213,B003,1637.71,2026-06-15 09:46:00,Payee_025,BANK_TRANSFER,DEV_009,Perth,False,False,1147
TXN00214,B001,1576.74,2026-05-29 17:35:00,Payee_028,BPAY,DEV_007,Brisbane,False,False,2041
TXN00215,B002,2305.53,2026-07-22 15:44:00,Payee_078,DIRECT_DEBIT,DEV_007,Perth,False,False,2056
TXN00216,B003,3511.35,2026-06-15 15:41:00,Payee_046,BPAY,DEV_009,Brisbane,False,False,3618
TXN00217,B001,4415.69,2026-07-06 11:20:00,Payee_053,BANK_TRANSFER,DEV_019,Sydney,False,True,4346
TXN00218,B005,3061.23,2026-08-03 12:12:00,Payee_043,BANK_TRANSFER,DEV_013,Adelaide,False,False,3920
TXN00219,B003,2671.31,2026-06-21 18:29:00,Payee_022,DIRECT_DEBIT,DEV_012,Sydney,False,False,2608
TXN00220,B002,3515.45,2026-08-15 18:33:00,Payee_005,BANK_TRANSFER,DEV_002,Melbourne,False,False,4941
TXN00221,B002,1046.49,2026-06-25 16:23:00,Payee_008,DIRECT_DEBIT,DEV_020,Perth,False,True,1056
TXN00222,B005,3742.63,2026-08-20 08:33:00,Payee_093,BPAY,DEV_018,Brisbane,True,False,3869
TXN00223,B004,2141.23,2026-07-23 10:12:00,Payee_080,DIRECT_DEBIT,DEV_009,Brisbane,False,False,1968
TXN00224,B003,4094.13,2026-06-11 15:15:00,Payee_090,BANK_TRANSFER,DEV_010,Melbourne,False,False,3826
TXN00225,B001,1010.16,2026-08-15 15:40:00,Payee_002,DIRECT_DEBIT,DEV_006,Melbourne,False,False,1265
TXN00226,B003,1455.72,2026-08-17 16:14:00,Payee_028,DIRECT_DEBIT,DEV_019,Perth,False,False,1281
TXN00227,B003,4653.16,2026-08-20 13:13:00,Payee_076,BANK_TRANSFER,DEV_013,Melbourne,False,False,4948
TXN00228,B005,3594.36,2026-06-14 18:21:00,Payee_050,DIRECT_DEBIT,DEV_005,Melbourne,False,False,3687
TXN00229,B001,727.07,2026-06-06 13:49:00,Payee_079,DIRECT_DEBIT,DEV_013,Brisbane,True,False,1300
TXN00230,B004,5349.98,2026-07-08 11:35:00,Payee_049,BPAY,DEV_006,Adelaide,False,False,4519
TXN00231,B005,3261.93,2026-07-19 09:09:00,Payee_049,DIRECT_DEBIT,DEV_005,Perth,False,False,2919
TXN00232,B001,1883.97,2026-07-07 15:48:00,Payee_035,BANK_TRANSFER,DEV_005,Melbourne,False,False,3025
TXN00233,B005,4470.07,2026-06-13 13:05:00,Payee_077,DIRECT_DEBIT,DEV_011,Perth,True,False,4697
TXN00234,B001,2566.37,2026-06-17 17:10:00,Payee_088,BPAY,DEV_006,Sydney,False,False,2488
TXN00235,B002,1119.66,2026-06-22 12:50:00,Payee_010,BPAY,DEV_009,Sydney,False,False,1018
TXN00236,B005,2467.27,2026-08-09 15:08:00,Payee_039,BANK_TRANSFER,DEV_013,Brisbane,False,False,2101
TXN00237,B003,3148.04,2026-06-07 18:08:00,Payee_039,BPAY,DEV_020,Sydney,False,False,4106
TXN00238,B004,4347.14,2026-05-26 12:40:00,Payee_063,DIRECT_DEBIT,DEV_008,Brisbane,False,False,3114
TXN00239,B004,4338.28,2026-06-14 17:11:00,Payee_088,DIRECT_DEBIT,DEV_001,Perth,False,False,3490
TXN00240,B003,1291.23,2026-05-28 14:31:00,Payee_018,DIRECT_DEBIT,DEV_010,Sydney,False,False,1066
TXN00241,B004,6040.66,2026-06-09 15:25:00,Payee_069,DIRECT_DEBIT,DEV_014,Adelaide,True,False,3588
TXN00242,B005,1605.89,2026-07-22 09:42:00,Payee_086,BPAY,DEV_006,Adelaide,True,False,1196
TXN00243,B004,4049.37,2026-08-10 08:16:00,Payee_029,DIRECT_DEBIT,DEV_017,Adelaide,False,False,3216
TXN00244,B004,3361.92,2026-06-24 14:49:00,Payee_087,DIRECT_DEBIT,DEV_017,Sydney,False,True,3564
TXN00245,B001,1309.04,2026-08-04 09:22:00,Payee_040,BPAY,DEV_015,Sydney,False,False,2920
TXN00246,B001,5404.54,2026-07-13 15:04:00,Payee_039,BANK_TRANSFER,DEV_004,Melbourne,False,False,4089
TXN00247,B002,1710.69,2026-06-12 13:27:00,Payee_060,BANK_TRANSFER,DEV_013,Sydney,False,False,2498
TXN00248,B004,715.51,2026-07-28 17:28:00,Payee_076,BPAY,DEV_013,Melbourne,False,False,739
TXN00249,B001,1459.55,2026-07-12 13:12:00,Payee_059,BANK_TRANSFER,DEV_009,Perth,False,False,1333
TXN00250,B005,2595.35,2026-07-03 17:37:00,Payee_015,BPAY,DEV_012,Perth,False,False,3683
TXN00251,B003,1072.36,2026-07-14 11:07:00,Payee_024,BPAY,DEV_005,Adelaide,False,False,1194
TXN00252,B005,2946.21,2026-07-30 14:31:00,Payee_082,DIRECT_DEBIT,DEV_006,Adelaide,False,False,3643
TXN00253,B002,3661.15,2026-08-21 13:31:00,Payee_018,BANK_TRANSFER,DEV_013,Adelaide,False,False,3077
TXN00254,B004,2767.72,2026-06-21 15:10:00,Payee_011,DIRECT_DEBIT,DEV_001,Sydney,False,False,3904
TXN00255,B005,3253.16,2026-06-13 15:32:00,Payee_015,DIRECT_DEBIT,DEV_004,Brisbane,False,False,2864
TXN00256,B003,6129.11,2026-06-27 08:34:00,Payee_028,BPAY,DEV_004,Sydney,False,False,4940
TXN00257,B004,1942.97,2026-08-07 15:49:00,Payee_031,BANK_TRANSFER,DEV_019,Brisbane,False,False,2652
TXN00258,B004,2556.11,2026-08-05 17:50:00,Payee_027,BANK_TRANSFER,DEV_002,Adelaide,False,False,1859
TXN00259,B005,1551.74,2026-06-10 12:17:00,Payee_066,DIRECT_DEBIT,DEV_004,Sydney,False,False,1879
TXN00260,B001,3738.33,2026-08-06 18:44:00,Payee_017,BANK_TRANSFER,DEV_005,Brisbane,False,False,2771
TXN00261,B004,5508.69,2026-06-30 18:24:00,Payee_058,BANK_TRANSFER,DEV_003,Perth,False,False,4509
TXN00262,B003,5388.02,2026-07-12 15:37:00,Payee_001,DIRECT_DEBIT,DEV_003,Perth,False,False,4224
TXN00263,B001,2315.18,2026-06-20 11:17:00,Payee_042,BPAY,DEV_011,Adelaide,False,False,4878
TXN00264,B004,4618.97,2026-08-16 18:02:00,Payee_013,DIRECT_DEBIT,DEV_015,Melbourne,False,False,3315
TXN00265,B004,6907.71,2026-05-26 11:58:00,Payee_017,DIRECT_DEBIT,DEV_010,Sydney,False,False,4239
TXN00266,B001,3461.23,2026-08-12 12:23:00,Payee_086,DIRECT_DEBIT,DEV_006,Melbourne,False,False,3452
TXN00267,B002,3139.75,2026-07-26 08:30:00,Payee_010,BANK_TRANSFER,DEV_019,Sydney,False,False,4016
TXN00268,B001,2243.01,2026-06-29 09:44:00,Payee_017,BPAY,DEV_003,Sydney,False,False,3314
TXN00269,B001,1076.08,2026-07-05 10:49:00,Payee_097,BANK_TRANSFER,DEV_005,Melbourne,False,True,1345
TXN00270,B002,6056.89,2026-07-26 13:40:00,Payee_096,BANK_TRANSFER,DEV_014,Adelaide,False,False,4105
TXN00271,B001,1431.08,2026-07-09 14:27:00,Payee_041,BANK_TRANSFER,DEV_008,Brisbane,False,False,1323
TXN00272,B005,3113.9,2026-05-30 08:56:00,Payee_039,BANK_TRANSFER,DEV_017,Adelaide,False,False,2834
TXN00273,B003,1035.68,2026-06-20 11:24:00,Payee_015,BANK_TRANSFER,DEV_016,Adelaide,True,False,947
TXN00274,B001,1956.33,2026-08-06 13:24:00,Payee_073,BPAY,DEV_012,Adelaide,False,False,3458
TXN00275,B001,613.39,2026-08-17 11:59:00,Payee_008,BPAY,DEV_017,Brisbane,False,False,636
TXN00276,B004,3882.71,2026-08-12 14:40:00,Payee_069,DIRECT_DEBIT,DEV_020,Sydney,False,False,3969
TXN00277,B005,2474.31,2026-07-03 13:37:00,Payee_082,DIRECT_DEBIT,DEV_003,Brisbane,False,False,2164
TXN00278,B002,951.26,2026-08-11 11:59:00,Payee_056,BANK_TRANSFER,DEV_015,Adelaide,False,False,974
TXN00279,B002,1678.11,2026-08-02 08:31:00,Payee_045,DIRECT_DEBIT,DEV_017,Brisbane,False,False,1478
TXN00280,B003,1482.84,2026-07-11 08:51:00,Payee_055,BPAY,DEV_017,Melbourne,False,False,1467
TXN00281,B001,3528.23,2026-06-11 15:10:00,Payee_048,BANK_TRANSFER,DEV_009,Melbourne,False,False,4564
TXN00282,B001,2526.6,2026-08-22 16:02:00,Payee_002,BANK_TRANSFER,DEV_002,Perth,False,False,2371
TXN00283,B002,376.0,2026-06-30 18:14:00,Payee_042,BANK_TRANSFER,DEV_014,Brisbane,False,False,789
TXN00284,B003,1211.14,2026-05-28 16:57:00,Payee_007,BANK_TRANSFER,DEV_008,Adelaide,False,False,1478
TXN00285,B001,5547.07,2026-07-12 12:05:00,Payee_071,BPAY,DEV_001,Brisbane,False,False,4310
TXN00286,B003,1687.83,2026-07-06 15:37:00,Payee_064,BANK_TRANSFER,DEV_018,Sydney,False,False,2487
TXN00287,B001,1581.2,2026-07-11 08:00:00,Payee_098,DIRECT_DEBIT,DEV_013,Brisbane,False,False,2408
TXN00288,B002,3577.71,2026-08-15 15:09:00,Payee_092,BPAY,DEV_003,Melbourne,False,False,3939
TXN00289,B005,3598.15,2026-06-09 09:06:00,Payee_065,BANK_TRANSFER,DEV_013,Melbourne,False,False,3883
TXN00290,B002,1878.2,2026-07-20 12:54:00,Payee_041,BPAY,DEV_011,Brisbane,False,False,2439
TXN00291,B002,1715.09,2026-08-09 10:10:00,Payee_058,BPAY,DEV_011,Perth,False,False,1615
TXN00292,B002,2833.89,2026-06-24 12:16:00,Payee_016,BANK_TRANSFER,DEV_006,Brisbane,False,False,4202
TXN00293,B001,2519.97,2026-07-22 09:22:00,Payee_051,DIRECT_DEBIT,DEV_002,Brisbane,False,False,2261
TXN00294,B001,3083.42,2026-06-12 15:47:00,Payee_071,BANK_TRANSFER,DEV_004,Perth,False,False,3812
TXN00295,B001,837.82,2026-08-06 11:12:00,Payee_052,BPAY,DEV_003,Adelaide,False,False,597
TXN00296,B001,789.61,2026-07-28 09:57:00,Payee_083,BPAY,DEV_005,Melbourne,False,False,678
TXN00297,B003,1905.81,2026-06-10 10:27:00,Payee_093,BPAY,DEV_016,Melbourne,False,False,1503
TXN00298,B003,2424.35,2026-07-18 10:17:00,Payee_058,BANK_TRANSFER,DEV_002,Adelaide,False,False,2258
TXN00299,B003,3351.88,2026-08-11 08:17:00,Payee_050,BANK_TRANSFER,DEV_014,Sydney,False,False,4586
TXN00300,B002,5775.65,2026-07-05 08:50:00,Payee_092,BPAY,DEV_016,Adelaide,False,False,4953
TXN00301,B005,4216.56,2026-07-13 08:38:00,Payee_029,BANK_TRANSFER,DEV_009,Melbourne,False,False,4615
TXN00302,B003,2836.13,2026-08-10 10:15:00,Payee_085,BANK_TRANSFER,DEV_009,Adelaide,False,False,2406
TXN00303,B001,843.13,2026-07-08 14:59:00,Payee_023,BANK_TRANSFER,DEV_008,Adelaide,False,False,2297
TXN00304,B003,492.71,2026-06-11 13:36:00,Payee_019,DIRECT_DEBIT,DEV_007,Perth,False,False,731
TXN00305,B001,1633.37,2026-06-16 08:30:00,Payee_001,BPAY,DEV_020,Sydney,False,False,1239
TXN00306,B002,3519.3,2026-08-20 08:09:00,Payee_076,DIRECT_DEBIT,DEV_005,Melbourne,False,False,3150
TXN00307,B001,3190.55,2026-08-10 17:21:00,Payee_039,BPAY,DEV_005,Sydney,False,False,3560
TXN00308,B004,2003.91,2026-05-24 10:35:00,Payee_089,DIRECT_DEBIT,DEV_012,Sydney,False,False,3099
TXN00309,B004,2949.83,2026-08-22 10:44:00,Payee_074,BPAY,DEV_019,Melbourne,False,False,3013
TXN00310,B005,1829.25,2026-06-11 18:06:00,Payee_064,BANK_TRANSFER,DEV_011,Melbourne,False,False,2309
TXN00311,B002,1424.63,2026-06-26 13:00:00,Payee_034,BANK_TRANSFER,DEV_008,Melbourne,False,False,1226
TXN00312,B001,594.35,2026-06-27 14:46:00,Payee_054,BANK_TRANSFER,DEV_014,Perth,False,False,894
TXN00313,B004,1608.59,2026-05-31 17:48:00,Payee_088,BANK_TRANSFER,DEV_006,Perth,True,False,1330
TXN00314,B003,406.45,2026-07-20 13:06:00,Payee_010,BPAY,DEV_006,Perth,False,False,664
TXN00315,B001,2332.25,2026-05-24 15:01:00,Payee_056,DIRECT_DEBIT,DEV_006,Adelaide,False,False,3268
TXN00316,B001,2595.12,2026-07-29 11:26:00,Payee_090,DIRECT_DEBIT,DEV_018,Brisbane,False,False,3212
TXN00317,B001,682.27,2026-08-03 15:03:00,Payee_047,BANK_TRANSFER,DEV_014,Melbourne,False,False,906
TXN00318,B005,5306.69,2026-08-10 11:01:00,Payee_027,BANK_TRANSFER,DEV_010,Melbourne,False,False,4434
TXN00319,B004,2758.51,2026-06-01 09:34:00,Payee_050,BANK_TRANSFER,DEV_012,Perth,False,False,4357
TXN00320,B003,4205.26,2026-07-20 15:14:00,Payee_035,DIRECT_DEBIT,DEV_002,Sydney,False,False,4102
TXN00321,B001,3622.37,2026-07-24 17:35:00,Payee_008,BPAY,DEV_017,Perth,False,False,3316
TXN00322,B004,1843.44,2026-07-15 15:05:00,Payee_051,DIRECT_DEBIT,DEV_002,Adelaide,False,False,2430
TXN00323,B005,2229.55,2026-08-01 10:13:00,Payee_025,BANK_TRANSFER,DEV_002,Perth,True,False,1707
TXN00324,B002,2204.6,2026-07-20 17:20:00,Payee_094,BANK_TRANSFER,DEV_003,Perth,False,False,1711
TXN00325,B003,2421.94,2026-06-08 17:33:00,Payee_054,BANK_TRANSFER,DEV_014,Sydney,False,False,4757
TXN00326,B001,1545.33,2026-08-10 17:50:00,Payee_037,DIRECT_DEBIT,DEV_012,Perth,False,False,1365
TXN00327,B005,5228.73,2026-06-04 10:38:00,Payee_088,DIRECT_DEBIT,DEV_013,Melbourne,False,False,4375
TXN00328,B002,945.26,2026-07-19 15:57:00,Payee_048,BANK_TRANSFER,DEV_011,Brisbane,False,False,903
TXN00329,B001,3430.12,2026-07-12 15:17:00,Payee_094,BPAY,DEV_020,Melbourne,False,False,2367
TXN00330,B004,6726.6,2026-07-06 16:52:00,Payee_008,DIRECT_DEBIT,DEV_006,Melbourne,False,False,4468
TXN00331,B002,5004.93,2026-07-28 11:53:00,Payee_008,BANK_TRANSFER,DEV_002,Perth,True,False,4794
TXN00332,B002,2629.67,2026-06-24 13:32:00,Payee_051,DIRECT_DEBIT,DEV_004,Melbourne,False,False,2744
TXN00333,B004,2491.25,2026-07-09 16:22:00,Payee_021,BPAY,DEV_003,Brisbane,True,True,1954
TXN00334,B005,2097.97,2026-06-01 11:14:00,Payee_087,BANK_TRANSFER,DEV_009,Perth,False,False,2255
TXN00335,B001,5726.81,2026-08-21 17:14:00,Payee_033,DIRECT_DEBIT,DEV_010,Brisbane,False,False,4383
TXN00336,B003,3448.46,2026-07-26 12:29:00,Payee_039,DIRECT_DEBIT,DEV_017,Adelaide,False,False,4260
TXN00337,B005,2456.79,2026-07-15 12:43:00,Payee_014,BPAY,DEV_003,Brisbane,False,False,3565
TXN00338,B003,2305.48,2026-05-31 18:19:00,Payee_025,BANK_TRANSFER,DEV_017,Sydney,False,False,2639
TXN00339,B005,3042.8,2026-05-31 08:31:00,Payee_038,BPAY,DEV_014,Perth,False,True,3810
TXN00340,B005,1398.12,2026-07-25 13:43:00,Payee_069,DIRECT_DEBIT,DEV_016,Brisbane,False,False,2055
TXN00341,B005,1831.07,2026-06-12 12:48:00,Payee_024,DIRECT_DEBIT,DEV_011,Melbourne,False,False,1983
TXN00342,B003,5014.52,2026-07-06 13:16:00,Payee_075,BPAY,DEV_015,Melbourne,False,False,3944
TXN00343,B005,907.61,2026-05-27 09:24:00,Payee_068,BPAY,DEV_014,Melbourne,False,False,1083
TXN00344,B002,3401.44,2026-06-11 14:57:00,Payee_059,BANK_TRANSFER,DEV_011,Sydney,False,False,3307
TXN00345,B002,3017.53,2026-07-27 12:48:00,Payee_100,BANK_TRANSFER,DEV_019,Sydney,False,False,3067
TXN00346,B001,1531.64,2026-06-28 17:40:00,Payee_055,BPAY,DEV_014,Perth,False,True,1560
TXN00347,B002,5340.09,2026-07-29 16:01:00,Payee_087,BANK_TRANSFER,DEV_008,Sydney,False,False,3556
TXN00348,B002,1122.72,2026-06-19 14:37:00,Payee_040,BANK_TRANSFER,DEV_003,Melbourne,False,False,1341
TXN00349,B005,3478.5,2026-07-10 10:57:00,Payee_063,BPAY,DEV_007,Sydney,False,False,4793
TXN00350,B004,948.21,2026-07-25 11:46:00,Payee_017,BANK_TRANSFER,DEV_001,Adelaide,False,False,656
TXN00351,B001,4063.2,2026-06-04 16:03:00,Payee_077,BANK_TRANSFER,DEV_004,Melbourne,True,False,3573
TXN00352,B004,3128.57,2026-06-13 09:16:00,Payee_061,DIRECT_DEBIT,DEV_005,Sydney,False,False,3615
TXN00353,B003,3180.61,2026-06-04 12:38:00,Payee_090,BANK_TRANSFER,DEV_014,Melbourne,False,False,3947
TXN00354,B003,984.25,2026-06-20 09:12:00,Payee_078,BANK_TRANSFER,DEV_009,Adelaide,False,False,1433
TXN00355,B004,3410.04,2026-05-26 11:59:00,Payee_062,BPAY,DEV_008,Melbourne,True,False,2919
TXN00356,B001,5758.58,2026-08-11 10:49:00,Payee_066,BANK_TRANSFER,DEV_004,Brisbane,False,False,4547
TXN00357,B003,2365.36,2026-08-17 10:54:00,Payee_038,BPAY,DEV_011,Perth,False,False,2663
TXN00358,B001,593.77,2026-05-30 10:41:00,Payee_022,BPAY,DEV_012,Perth,False,False,579
TXN00359,B001,3776.02,2026-07-02 14:29:00,Payee_035,BPAY,DEV_016,Perth,False,False,3552
TXN00360,B001,1353.86,2026-08-02 08:06:00,Payee_054,DIRECT_DEBIT,DEV_016,Adelaide,False,False,1585
TXN00361,B004,2127.31,2026-06-22 10:58:00,Payee_063,BANK_TRANSFER,DEV_014,Perth,True,False,3437
TXN00362,B003,408.23,2026-06-16 18:49:00,Payee_096,DIRECT_DEBIT,DEV_019,Sydney,False,False,601
TXN00363,B003,2926.44,2026-06-28 09:42:00,Payee_094,BANK_TRANSFER,DEV_016,Brisbane,False,False,4752
TXN00364,B002,893.82,2026-06-01 08:59:00,Payee_021,DIRECT_DEBIT,DEV_016,Perth,False,False,947
TXN00365,B004,3244.46,2026-06-19 08:14:00,Payee_071,DIRECT_DEBIT,DEV_013,Perth,False,False,3126
TXN00366,B004,6928.16,2026-06-20 09:28:00,Payee_041,BANK_TRANSFER,DEV_016,Melbourne,False,False,4170
TXN00367,B005,5543.49,2026-06-04 17:40:00,Payee_039,DIRECT_DEBIT,DEV_018,Sydney,False,False,4998
TXN00368,B003,3476.4,2026-07-25 08:54:00,Payee_059,BPAY,DEV_018,Adelaide,False,False,3476
TXN00369,B003,5545.71,2026-08-22 11:21:00,Payee_046,DIRECT_DEBIT,DEV_010,Adelaide,False,False,4207
TXN00370,B001,2354.95,2026-08-05 15:52:00,Payee_092,DIRECT_DEBIT,DEV_014,Melbourne,False,False,1844
TXN00371,B001,4090.03,2026-07-10 11:06:00,Payee_097,BPAY,DEV_002,Adelaide,False,False,3718
TXN00372,B004,6739.27,2026-06-20 10:00:00,Payee_068,DIRECT_DEBIT,DEV_002,Adelaide,False,False,4630
TXN00373,B004,5160.75,2026-07-31 17:46:00,Payee_017,BANK_TRANSFER,DEV_013,Adelaide,False,False,4664
TXN00374,B004,1813.53,2026-05-26 17:48:00,Payee_032,BPAY,DEV_013,Brisbane,False,False,3929
TXN00375,B002,1090.99,2026-07-15 16:53:00,Payee_090,DIRECT_DEBIT,DEV_011,Adelaide,False,False,1631
TXN00376,B005,3462.31,2026-07-09 18:58:00,Payee_087,BANK_TRANSFER,DEV_006,Adelaide,False,False,2880
TXN00377,B001,2350.61,2026-05-24 18:26:00,Payee_087,DIRECT_DEBIT,DEV_018,Brisbane,False,False,3385
TXN00378,B001,4179.08,2026-08-19 09:24:00,Payee_019,BANK_TRANSFER,DEV_002,Sydney,False,False,4782
TXN00379,B003,2690.32,2026-07-27 12:48:00,Payee_070,BANK_TRANSFER,DEV_012,Perth,False,False,2552
TXN00380,B005,2503.36,2026-06-12 18:24:00,Payee_031,DIRECT_DEBIT,DEV_010,Melbourne,False,False,2337
TXN00381,B003,1118.21,2026-06-27 17:53:00,Payee_029,DIRECT_DEBIT,DEV_012,Adelaide,False,False,940
TXN00382,B002,2954.03,2026-07-31 15:43:00,Payee_010,BANK_TRANSFER,DEV_006,Adelaide,False,True,2909
TXN00383,B003,3267.54,2026-08-22 12:21:00,Payee_060,DIRECT_DEBIT,DEV_005,Melbourne,False,False,2664
TXN00384,B001,3683.41,2026-06-10 15:35:00,Payee_046,BANK_TRANSFER,DEV_011,Adelaide,False,False,2967
TXN00385,B001,5420.45,2026-08-11 14:22:00,Payee_029,BANK_TRANSFER,DEV_011,Brisbane,False,False,4638
TXN00386,B005,6121.78,2026-06-12 15:52:00,Payee_097,DIRECT_DEBIT,DEV_001,Melbourne,False,False,4845
TXN00387,B005,3411.31,2026-07-05 13:58:00,Payee_015,BPAY,DEV_009,Adelaide,False,True,2497
TXN00388,B005,3225.6,2026-06-18 16:28:00,Payee_063,BANK_TRANSFER,DEV_010,Sydney,False,False,3571
TXN00389,B001,2664.12,2026-08-22 16:40:00,Payee_009,BANK_TRANSFER,DEV_007,Perth,False,False,1871
TXN00390,B004,1006.75,2026-08-03 18:01:00,Payee_059,DIRECT_DEBIT,DEV_011,Melbourne,False,False,1090
TXN00391,B003,904.54,2026-07-01 12:24:00,Payee_058,DIRECT_DEBIT,DEV_013,Perth,False,False,1077
TXN00392,B001,4483.0,2026-06-01 08:46:00,Payee_080,BANK_TRANSFER,DEV_019,Melbourne,False,False,4881
TXN00393,B005,1239.99,2026-08-11 17:18:00,Payee_098,BPAY,DEV_013,Perth,False,True,1369
TXN00394,B002,6665.08,2026-08-05 11:47:00,Payee_051,DIRECT_DEBIT,DEV_010,Sydney,False,False,4870
TXN00395,B003,413.5,2026-08-17 09:00:00,Payee_074,DIRECT_DEBIT,DEV_013,Adelaide,False,False,591
TXN00396,B002,2967.84,2026-07-01 11:57:00,Payee_083,DIRECT_DEBIT,DEV_005,Sydney,False,False,3316
TXN00397,B003,2676.9,2026-08-16 17:54:00,Payee_097,DIRECT_DEBIT,DEV_015,Adelaide,True,False,2091
TXN00398,B003,1624.59,2026-06-09 11:31:00,Payee_043,BPAY,DEV_005,Sydney,False,False,1304
TXN00399,B002,2413.6,2026-07-14 18:44:00,Payee_075,BANK_TRANSFER,DEV_019,Adelaide,False,False,3103
TXN00400,B004,1918.22,2026-07-13 08:15:00,Payee_029,DIRECT_DEBIT,DEV_014,Brisbane,False,False,1881
TXN00401,B003,3415.07,2026-06-21 12:35:00,Payee_014,BANK_TRANSFER,DEV_020,Melbourne,False,False,4431
TXN00402,B002,5179.77,2026-07-20 11:46:00,Payee_081,BANK_TRANSFER,DEV_003,Melbourne,False,False,4912
TXN00403,B005,3897.46,2026-06-13 08:16:00,Payee_070,DIRECT_DEBIT,DEV_016,Sydney,False,False,3818
TXN00404,B005,2388.08,2026-06-24 10:32:00,Payee_066,BANK_TRANSFER,DEV_013,Brisbane,False,False,2883
TXN00405,B005,1869.56,2026-07-31 10:36:00,Payee_073,DIRECT_DEBIT,DEV_005,Perth,False,True,1858
TXN00406,B004,2068.61,2026-07-20 09:23:00,Payee_030,BANK_TRANSFER,DEV_007,Adelaide,False,False,2398
TXN00407,B004,4445.69,2026-07-12 18:06:00,Payee_091,DIRECT_DEBIT,DEV_009,Brisbane,False,False,4224
TXN00408,B004,3426.01,2026-06-08 13:41:00,Payee_010,DIRECT_DEBIT,DEV_009,Perth,False,False,3600
TXN00409,B004,3709.67,2026-06-06 15:00:00,Payee_065,BANK_TRANSFER,DEV_015,Sydney,False,False,3390
TXN00410,B003,1763.79,2026-07-30 10:10:00,Payee_047,DIRECT_DEBIT,DEV_004,Sydney,False,False,2232
TXN00411,B001,3869.64,2026-08-02 17:41:00,Payee_053,BANK_TRANSFER,DEV_008,Melbourne,False,False,4444
TXN00412,B002,3502.81,2026-06-10 08:09:00,Payee_008,BANK_TRANSFER,DEV_009,Sydney,False,False,4699
TXN00413,B005,842.04,2026-08-12 12:13:00,Payee_058,DIRECT_DEBIT,DEV_016,Perth,False,False,652
TXN00414,B005,1203.53,2026-07-30 17:39:00,Payee_085,DIRECT_DEBIT,DEV_009,Sydney,False,False,1669
TXN00415,B004,1096.17,2026-08-20 09:12:00,Payee_067,DIRECT_DEBIT,DEV_014,Sydney,False,False,1063
TXN00416,B005,1019.42,2026-06-19 16:48:00,Payee_016,BANK_TRANSFER,DEV_016,Sydney,False,False,819
TXN00417,B001,3073.2,2026-05-25 08:33:00,Payee_055,BANK_TRANSFER,DEV_016,Perth,False,False,4034
TXN00418,B005,1256.84,2026-08-05 14:16:00,Payee_062,BANK_TRANSFER,DEV_003,Brisbane,False,False,1300
TXN00419,B003,2892.28,2026-06-10 08:33:00,Payee_016,DIRECT_DEBIT,DEV_001,Perth,False,False,2048
TXN00420,B003,3903.55,2026-08-09 13:09:00,Payee_055,DIRECT_DEBIT,DEV_019,Brisbane,False,False,3849
TXN00421,B005,1428.85,2026-07-27 14:26:00,Payee_071,DIRECT_DEBIT,DEV_016,Sydney,False,False,3495
TXN00422,B003,1503.15,2026-07-09 17:49:00,Payee_091,BPAY,DEV_005,Melbourne,False,False,3012
TXN00423,B002,1394.99,2026-06-13 13:39:00,Payee_090,DIRECT_DEBIT,DEV_002,Sydney,False,False,1321
TXN00424,B001,2106.83,2026-06-07 15:27:00,Payee_012,BANK_TRANSFER,DEV_009,Sydney,False,False,1690
TXN00425,B004,2916.57,2026-08-15 17:49:00,Payee_023,DIRECT_DEBIT,DEV_016,Perth,True,False,3782
TXN00426,B005,2276.12,2026-08-18 11:50:00,Payee_077,DIRECT_DEBIT,DEV_017,Sydney,False,False,2842
TXN00427,B003,1517.28,2026-07-18 09:49:00,Payee_052,BPAY,DEV_013,Perth,False,False,2459
TXN00428,B001,540.18,2026-07-17 16:46:00,Payee_072,DIRECT_DEBIT,DEV_012,Brisbane,False,False,1238
TXN00429,B005,1582.06,2026-07-20 08:11:00,Payee_053,DIRECT_DEBIT,DEV_004,Adelaide,True,False,2093
TXN00430,B001,5039.51,2026-06-15 12:52:00,Payee_074,BPAY,DEV_015,Perth,False,False,4704
TXN00431,B003,3313.21,2026-06-22 08:07:00,Payee_034,BANK_TRANSFER,DEV_013,Sydney,False,False,4258
TXN00432,B003,2000.8,2026-06-17 13:34:00,Payee_002,DIRECT_DEBIT,DEV_009,Sydney,False,False,3878
TXN00433,B003,956.34,2026-07-08 13:13:00,Payee_074,BPAY,DEV_006,Sydney,False,False,1122
TXN00434,B002,2533.12,2026-07-24 11:12:00,Payee_032,DIRECT_DEBIT,DEV_012,Sydney,False,False,2674
TXN00435,B001,3079.92,2026-08-17 16:54:00,Payee_062,BPAY,DEV_020,Brisbane,False,False,4535
TXN00436,B005,1983.59,2026-07-30 15:48:00,Payee_066,BPAY,DEV_013,Sydney,False,False,2750
TXN00437,B005,2740.51,2026-07-09 16:25:00,Payee_088,BANK_TRANSFER,DEV_015,Melbourne,False,False,3966
TXN00438,B001,621.24,2026-07-27 18:24:00,Payee_075,BANK_TRANSFER,DEV_011,Brisbane,False,False,596
TXN00439,B005,2713.45,2026-07-10 17:23:00,Payee_024,BPAY,DEV_014,Sydney,False,False,2653
TXN00440,B003,4844.79,2026-06-26 12:11:00,Payee_074,BANK_TRANSFER,DEV_019,Sydney,False,False,3781
TXN00441,B002,4453.29,2026-06-23 10:51:00,Payee_002,BANK_TRANSFER,DEV_014,Perth,False,False,4040
TXN00442,B005,4241.99,2026-06-21 13:19:00,Payee_033,DIRECT_DEBIT,DEV_019,Melbourne,False,False,4874
TXN00443,B001,2516.48,2026-08-10 18:28:00,Payee_096,BPAY,DEV_009,Brisbane,False,False,2265
TXN00444,B003,2449.8,2026-07-01 08:07:00,Payee_045,DIRECT_DEBIT,DEV_020,Sydney,False,False,3319
TXN00445,B005,2320.38,2026-05-28 13:32:00,Payee_063,DIRECT_DEBIT,DEV_015,Melbourne,False,False,1929
TXN00446,B002,1822.5,2026-07-10 18:26:00,Payee_081,DIRECT_DEBIT,DEV_019,Perth,False,False,1872
TXN00447,B002,3412.68,2026-05-24 12:17:00,Payee_078,DIRECT_DEBIT,DEV_013,Brisbane,False,False,3314
TXN00448,B003,5797.69,2026-07-01 15:10:00,Payee_024,BANK_TRANSFER,DEV_005,Sydney,False,False,4767
TXN00449,B001,2354.34,2026-06-23 09:35:00,Payee_007,BANK_TRANSFER,DEV_013,Adelaide,False,False,2225
TXN00450,B003,1951.05,2026-05-31 09:59:00,Payee_050,BPAY,DEV_008,Sydney,False,False,1772
TXN00451,B002,1337.55,2026-05-30 08:22:00,Payee_042,BPAY,DEV_015,Adelaide,False,False,1575
TXN00452,B002,4791.26,2026-06-08 10:38:00,Payee_059,DIRECT_DEBIT,DEV_019,Perth,False,False,4917
TXN00453,B003,2747.87,2026-06-27 09:19:00,Payee_047,BPAY,DEV_009,Sydney,False,True,3344
TXN00454,B002,3385.47,2026-06-23 12:34:00,Payee_002,DIRECT_DEBIT,DEV_016,Perth,False,False,3317
TXN00455,B003,2612.52,2026-07-01 11:56:00,Payee_072,BPAY,DEV_013,Sydney,False,False,2394
TXN00456,B004,2513.4,2026-07-20 11:05:00,Payee_055,DIRECT_DEBIT,DEV_008,Adelaide,False,False,3599
TXN00457,B003,2312.4,2026-07-01 12:12:00,Payee_009,BANK_TRANSFER,DEV_005,Brisbane,False,False,2832
TXN00458,B004,2053.7,2026-06-21 17:12:00,Payee_042,BANK_TRANSFER,DEV_005,Melbourne,False,True,2729
TXN00459,B001,2677.0,2026-07-24 08:05:00,Payee_020,BANK_TRANSFER,DEV_016,Sydney,False,False,2811
TXN00460,B004,4935.23,2026-05-25 15:50:00,Payee_005,BPAY,DEV_003,Sydney,True,False,3542
TXN00461,B001,4154.83,2026-07-05 12:53:00,Payee_002,BANK_TRANSFER,DEV_008,Perth,False,False,4949
TXN00462,B001,2195.91,2026-08-10 15:33:00,Payee_086,BANK_TRANSFER,DEV_016,Perth,False,False,2131
TXN00463,B003,1708.1,2026-06-17 16:07:00,Payee_033,BPAY,DEV_010,Sydney,False,False,1799
TXN00464,B002,1349.13,2026-06-02 11:27:00,Payee_042,BANK_TRANSFER,DEV_006,Brisbane,False,False,1425
TXN00465,B002,758.36,2026-05-26 15:38:00,Payee_020,BPAY,DEV_003,Sydney,False,False,573
TXN00466,B005,3062.05,2026-08-15 18:03:00,Payee_046,DIRECT_DEBIT,DEV_005,Adelaide,False,False,3272
TXN00467,B002,4448.54,2026-06-27 13:46:00,Payee_025,BANK_TRANSFER,DEV_013,Brisbane,False,False,3094
TXN00468,B001,4248.43,2026-06-12 15:18:00,Payee_070,DIRECT_DEBIT,DEV_016,Sydney,False,False,4475
TXN00469,B003,4012.86,2026-08-02 16:04:00,Payee_068,BANK_TRANSFER,DEV_015,Brisbane,False,False,4337
TXN00470,B004,740.19,2026-06-19 18:24:00,Payee_094,BANK_TRANSFER,DEV_001,Adelaide,False,False,505
TXN00471,B002,2919.43,2026-07-04 16:12:00,Payee_068,DIRECT_DEBIT,DEV_016,Adelaide,False,False,3127
TXN00472,B004,2007.37,2026-08-10 09:33:00,Payee_085,BANK_TRANSFER,DEV_002,Sydney,False,True,3138
TXN00473,B001,4578.06,2026-07-04 18:42:00,Payee_063,DIRECT_DEBIT,DEV_020,Adelaide,False,False,4476
TXN00474,B005,1144.09,2026-07-27 08:41:00,Payee_063,BANK_TRANSFER,DEV_015,Melbourne,False,False,1080
TXN00475,B004,3606.79,2026-07-19 17:33:00,Payee_006,DIRECT_DEBIT,DEV_003,Brisbane,True,False,3523
TXN00476,B005,1187.09,2026-07-24 09:34:00,Payee_050,BANK_TRANSFER,DEV_007,Adelaide,False,False,1295
TXN00477,B002,3860.34,2026-07-08 17:43:00,Payee_059,DIRECT_DEBIT,DEV_014,Melbourne,False,False,3901
TXN00478,B004,2659.26,2026-05-30 13:10:00,Payee_069,DIRECT_DEBIT,DEV_015,Brisbane,False,False,4634
TXN00479,B003,2475.36,2026-06-06 13:15:00,Payee_073,DIRECT_DEBIT,DEV_007,Perth,False,False,3545
TXN00480,B003,4088.13,2026-06-26 15:25:00,Payee_001,DIRECT_DEBIT,DEV_002,Brisbane,False,False,3449
TXN00481,B003,522.54,2026-08-20 13:49:00,Payee_089,BPAY,DEV_018,Adelaide,False,False,553
TXN00482,B002,1486.09,2026-06-25 08:22:00,Payee_020,BANK_TRANSFER,DEV_009,Brisbane,False,False,1272
TXN00483,B003,3586.48,2026-08-13 11:46:00,Payee_042,BPAY,DEV_006,Perth,False,False,2960
TXN00484,B005,1457.65,2026-06-01 17:19:00,Payee_005,DIRECT_DEBIT,DEV_019,Perth,True,False,1281
TXN00485,B003,4000.88,2026-07-24 09:47:00,Payee_084,DIRECT_DEBIT,DEV_001,Perth,True,False,3350
TXN00486,B003,4022.44,2026-08-03 17:20:00,Payee_065,DIRECT_DEBIT,DEV_008,Sydney,True,False,4923
TXN00487,B004,4174.23,2026-07-25 09:27:00,Payee_038,BPAY,DEV_005,Sydney,False,False,4150
TXN00488,B001,3357.73,2026-07-20 14:05:00,Payee_052,DIRECT_DEBIT,DEV_014,Sydney,False,False,4990
TXN00489,B002,3338.22,2026-06-05 16:47:00,Payee_068,BANK_TRANSFER,DEV_008,Melbourne,False,False,4496
TXN00490,B005,1478.27,2026-05-29 09:26:00,Payee_055,BPAY,DEV_012,Sydney,False,False,1233
TXN00491,B001,3334.72,2026-06-04 15:09:00,Payee_057,BANK_TRANSFER,DEV_008,Sydney,False,False,2997
TXN00492,B001,1707.86,2026-07-22 08:39:00,Payee_019,BPAY,DEV_001,Brisbane,False,False,1420
TXN00493,B004,5097.64,2026-07-26 16:13:00,Payee_070,DIRECT_DEBIT,DEV_009,Adelaide,False,False,4359
TXN00494,B002,665.85,2026-06-09 14:57:00,Payee_085,DIRECT_DEBIT,DEV_002,Brisbane,False,False,650
TXN00495,B005,3659.77,2026-08-14 08:24:00,Payee_085,BPAY,DEV_012,Melbourne,True,False,2722
TXN00496,B004,2678.65,2026-06-18 14:45:00,Payee_013,BPAY,DEV_016,Adelaide,False,False,2393
TXN00497,B005,2693.56,2026-07-22 08:59:00,Payee_068,BPAY,DEV_011,Perth,False,False,4251
TXN00498,B003,2885.22,2026-06-03 13:19:00,Payee_031,DIRECT_DEBIT,DEV_009,Melbourne,False,False,3382
TXN00499,B001,2892.66,2026-05-30 14:08:00,Payee_012,DIRECT_DEBIT,DEV_013,Adelaide,False,False,2795
TXN00500,B002,4803.31,2026-06-10 11:09:00,Payee_055,BPAY,DEV_020,Brisbane,False,False,3918
TXN00501,B002,4600.08,2026-07-14 10:44:00,Payee_091,DIRECT_DEBIT,DEV_005,Perth,False,False,4934
TXN00502,B002,1517.97,2026-08-14 13:35:00,Payee_069,DIRECT_DEBIT,DEV_004,Sydney,False,False,1794
TXN00503,B001,3696.46,2026-07-15 14:28:00,Payee_096,DIRECT_DEBIT,DEV_009,Sydney,False,False,3110
TXN00504,B002,587.77,2026-06-05 17:17:00,Payee_078,DIRECT_DEBIT,DEV_020,Sydney,False,False,714
TXN00505,B001,4757.62,2026-06-19 10:54:00,Payee_078,BPAY,DEV_012,Sydney,False,False,3443
TXN00506,B002,2224.43,2026-07-25 11:02:00,Payee_053,BANK_TRANSFER,DEV_009,Perth,False,False,1841
TXN00507,B002,3313.49,2026-06-05 15:31:00,Payee_089,BPAY,DEV_015,Sydney,False,False,2175
TXN00508,B005,4451.17,2026-07-03 13:39:00,Payee_096,DIRECT_DEBIT,DEV_020,Adelaide,False,False,3616
TXN00509,B001,5782.8,2026-07-22 08:33:00,Payee_069,BPAY,DEV_002,Adelaide,False,False,4765
TXN00510,B001,2414.96,2026-06-27 12:25:00,Payee_039,BPAY,DEV_015,Sydney,False,False,2055
TXN00511,B001,5821.5,2026-06-26 18:05:00,Payee_093,DIRECT_DEBIT,DEV_004,Sydney,False,False,4735
TXN00512,B005,1352.73,2026-07-01 14:20:00,Payee_058,BANK_TRANSFER,DEV_006,Perth,False,False,1608
TXN00513,B002,5012.57,2026-08-02 18:45:00,Payee_094,BANK_TRANSFER,DEV_003,Melbourne,False,False,4224
TXN00514,B001,5360.03,2026-06-18 14:39:00,Payee_021,BPAY,DEV_018,Perth,True,False,4791
TXN00515,B003,1855.72,2026-06-30 08:19:00,Payee_040,DIRECT_DEBIT,DEV_015,Brisbane,False,False,1729
TXN00516,B002,2418.09,2026-06-04 08:48:00,Payee_033,BANK_TRANSFER,DEV_015,Perth,False,False,2161
TXN00517,B001,4657.19,2026-06-25 15:26:00,Payee_057,BANK_TRANSFER,DEV_020,Adelaide,True,False,4542
TXN00518,B003,2931.18,2026-07-30 08:09:00,Payee_008,DIRECT_DEBIT,DEV_012,Melbourne,False,True,2200
TXN00519,B005,2790.15,2026-06-30 09:11:00,Payee_021,DIRECT_DEBIT,DEV_010,Adelaide,False,False,2944
TXN00520,B005,2135.61,2026-06-09 15:23:00,Payee_005,BANK_TRANSFER,DEV_010,Brisbane,False,False,1953
TXN00521,B001,4202.72,2026-08-05 15:07:00,Payee_089,BPAY,DEV_011,Adelaide,False,False,4000
TXN00522,B002,901.53,2026-06-10 09:46:00,Payee_081,DIRECT_DEBIT,DEV_003,Perth,False,False,976
TXN00523,B003,3322.15,2026-06-10 16:39:00,Payee_046,BANK_TRANSFER,DEV_020,Adelaide,False,False,3998
TXN00524,B004,3909.25,2026-06-05 10:14:00,Payee_091,BPAY,DEV_007,Melbourne,False,False,4534
TXN00525,B001,2823.25,2026-08-17 14:21:00,Payee_045,DIRECT_DEBIT,DEV_007,Melbourne,False,False,2198
TXN00526,B003,122.69,2026-07-15 12:32:00,Payee_071,BPAY,DEV_001,Melbourne,False,False,1055
TXN00527,B005,797.74,2026-05-28 13:30:00,Payee_061,BANK_TRANSFER,DEV_005,Perth,False,False,738
TXN00528,B005,2781.41,2026-07-01 15:59:00,Payee_096,BANK_TRANSFER,DEV_017,Brisbane,False,False,3245
TXN00529,B005,6482.12,2026-07-08 13:04:00,Payee_020,BPAY,DEV_001,Brisbane,False,False,4889
TXN00530,B002,3833.11,2026-06-07 10:07:00,Payee_097,BPAY,DEV_011,Melbourne,False,False,3691
TXN00531,B002,1468.51,2026-06-16 11:19:00,Payee_023,BANK_TRANSFER,DEV_012,Melbourne,False,False,3544
TXN00532,B004,5492.99,2026-06-22 08:57:00,Payee_065,BANK_TRANSFER,DEV_007,Brisbane,False,False,4645
TXN00533,B005,3109.57,2026-06-17 09:43:00,Payee_017,BANK_TRANSFER,DEV_002,Perth,False,False,3042
TXN00534,B001,459.84,2026-08-17 12:43:00,Payee_077,BANK_TRANSFER,DEV_011,Perth,False,False,533
TXN00535,B003,553.29,2026-07-12 11:12:00,Payee_025,BPAY,DEV_009,Adelaide,False,False,684
TXN00536,B001,2456.23,2026-08-02 10:17:00,Payee_015,BANK_TRANSFER,DEV_020,Adelaide,False,False,2733
TXN00537,B003,4711.9,2026-06-10 12:15:00,Payee_022,BANK_TRANSFER,DEV_010,Adelaide,False,False,5000
TXN00538,B001,1761.46,2026-06-23 08:57:00,Payee_087,BANK_TRANSFER,DEV_004,Perth,True,False,1565
TXN00539,B002,3482.99,2026-05-29 11:51:00,Payee_069,BANK_TRANSFER,DEV_015,Adelaide,False,False,4152
TXN00540,B004,1108.81,2026-07-14 15:43:00,Payee_083,DIRECT_DEBIT,DEV_015,Perth,False,False,1296
TXN00541,B005,3169.48,2026-07-11 18:50:00,Payee_042,BPAY,DEV_016,Melbourne,True,False,2613
TXN00542,B004,3722.54,2026-07-17 10:49:00,Payee_045,DIRECT_DEBIT,DEV_019,Sydney,False,False,4278
TXN00543,B001,2883.83,2026-06-15 12:29:00,Payee_052,DIRECT_DEBIT,DEV_014,Sydney,False,False,3169
TXN00544,B004,3523.26,2026-07-10 09:13:00,Payee_089,DIRECT_DEBIT,DEV_014,Perth,False,False,3644
TXN00545,B002,1816.27,2026-06-21 17:07:00,Payee_076,DIRECT_DEBIT,DEV_015,Brisbane,False,False,1917
TXN00546,B002,2763.38,2026-08-14 14:38:00,Payee_014,DIRECT_DEBIT,DEV_020,Perth,False,False,3023
TXN00547,B001,1275.29,2026-06-02 17:51:00,Payee_001,BANK_TRANSFER,DEV_005,Perth,False,False,1241
TXN00548,B005,4720.47,2026-07-27 11:43:00,Payee_041,BPAY,DEV_019,Brisbane,False,False,4163
TXN00549,B003,863.71,2026-07-02 16:54:00,Payee_017,BPAY,DEV_002,Brisbane,False,False,1231
TXN00550,B001,2854.28,2026-07-17 09:55:00,Payee_004,BANK_TRANSFER,DEV_014,Adelaide,False,False,3442
TXN00551,B004,2942.79,2026-07-31 18:30:00,Payee_018,BANK_TRANSFER,DEV_018,Perth,False,False,3826
TXN00552,B004,2137.72,2026-05-29 12:08:00,Payee_018,BANK_TRANSFER,DEV_003,Melbourne,False,False,1763
TXN00553,B004,2109.98,2026-06-25 14:57:00,Payee_090,DIRECT_DEBIT,DEV_014,Adelaide,False,False,1612
TXN00554,B005,4947.07,2026-07-08 14:14:00,Payee_024,BPAY,DEV_020,Melbourne,False,False,4186
TXN00555,B002,4292.2,2026-07-07 17:02:00,Payee_005,DIRECT_DEBIT,DEV_016,Brisbane,False,False,4610
TXN00556,B001,2606.18,2026-07-18 16:29:00,Payee_067,BANK_TRANSFER,DEV_017,Adelaide,False,False,1663
TXN00557,B001,5233.72,2026-07-10 08:34:00,Payee_100,BANK_TRANSFER,DEV_016,Perth,False,False,4917
TXN00558,B003,3132.3,2026-07-16 13:18:00,Payee_022,BANK_TRANSFER,DEV_020,Brisbane,False,False,3948
TXN00559,B001,3117.62,2026-07-16 18:51:00,Payee_095,DIRECT_DEBIT,DEV_001,Brisbane,False,False,4376
TXN00560,B001,2349.21,2026-08-06 12:39:00,Payee_036,BPAY,DEV_009,Melbourne,False,False,2776
TXN00561,B005,1512.42,2026-07-20 10:50:00,Payee_090,BANK_TRANSFER,DEV_016,Sydney,False,False,1738
TXN00562,B003,950.25,2026-06-07 10:59:00,Payee_020,BPAY,DEV_014,Perth,False,False,1191
TXN00563,B002,1282.87,2026-06-01 08:16:00,Payee_097,BANK_TRANSFER,DEV_002,Sydney,False,False,2227
TXN00564,B004,3766.36,2026-07-05 11:43:00,Payee_091,BPAY,DEV_016,Brisbane,False,False,4862
TXN00565,B001,3566.47,2026-07-13 18:33:00,Payee_088,BANK_TRANSFER,DEV_004,Adelaide,False,False,2865
TXN00566,B004,2403.74,2026-07-19 13:17:00,Payee_013,BPAY,DEV_019,Perth,False,False,2733
TXN00567,B002,1313.63,2026-07-13 10:35:00,Payee_002,DIRECT_DEBIT,DEV_001,Melbourne,True,False,2096
TXN00568,B001,3957.64,2026-07-25 13:46:00,Payee_037,BPAY,DEV_007,Melbourne,True,False,4153
TXN00569,B005,3048.3,2026-08-11 09:54:00,Payee_078,BANK_TRANSFER,DEV_013,Adelaide,False,False,2276
TXN00570,B001,1789.82,2026-07-16 12:29:00,Payee_085,BANK_TRANSFER,DEV_015,Brisbane,False,False,2009
TXN00571,B003,2742.31,2026-07-05 08:24:00,Payee_043,BANK_TRANSFER,DEV_009,Brisbane,False,False,2608
TXN00572,B002,4025.96,2026-06-01 10:31:00,Payee_014,BANK_TRANSFER,DEV_018,Perth,False,False,3716
TXN00573,B004,2824.15,2026-07-21 17:49:00,Payee_058,BANK_TRANSFER,DEV_016,Sydney,False,True,2621
TXN00574,B001,3915.43,2026-08-03 12:44:00,Payee_043,BPAY,DEV_019,Melbourne,False,False,3698
TXN00575,B004,2457.17,2026-06-14 09:14:00,Payee_001,BPAY,DEV_016,Melbourne,False,False,4416
TXN00576,B003,3839.92,2026-07-15 18:25:00,Payee_008,DIRECT_DEBIT,DEV_003,Brisbane,False,False,3231
TXN00577,B001,4322.91,2026-07-31 11:35:00,Payee_006,BPAY,DEV_007,Brisbane,False,False,4265
TXN00578,B003,3559.09,2026-06-03 09:28:00,Payee_095,BANK_TRANSFER,DEV_005,Melbourne,False,False,4485
TXN00579,B005,2232.29,2026-06-01 16:19:00,Payee_064,DIRECT_DEBIT,DEV_015,Melbourne,True,False,2453
TXN00580,B001,3844.3,2026-07-26 09:51:00,Payee_084,DIRECT_DEBIT,DEV_017,Perth,False,False,3821
TXN00581,B005,1702.4,2026-08-18 09:47:00,Payee_019,BPAY,DEV_001,Perth,False,False,1720
TXN00582,B002,1283.75,2026-07-31 08:40:00,Payee_007,BPAY,DEV_004,Perth,False,False,1569
TXN00583,B001,1718.23,2026-07-25 17:04:00,Payee_026,BPAY,DEV_011,Perth,False,False,1371
TXN00584,B005,6069.48,2026-07-12 10:53:00,Payee_028,BANK_TRANSFER,DEV_019,Sydney,False,False,4971
TXN00585,B002,4361.49,2026-06-27 10:15:00,Payee_075,BANK_TRANSFER,DEV_005,Melbourne,False,False,3900
TXN00586,B004,2166.77,2026-06-21 08:05:00,Payee_001,BANK_TRANSFER,DEV_006,Melbourne,False,False,1792
TXN00587,B003,3306.85,2026-05-26 15:08:00,Payee_027,BANK_TRANSFER,DEV_009,Adelaide,False,False,3909
TXN00588,B002,472.22,2026-07-30 17:45:00,Payee_064,DIRECT_DEBIT,DEV_003,Brisbane,False,True,808
TXN00589,B002,2542.91,2026-06-04 09:23:00,Payee_098,DIRECT_DEBIT,DEV_017,Sydney,False,False,2072
TXN00590,B002,3335.66,2026-07-29 08:07:00,Payee_020,DIRECT_DEBIT,DEV_016,Perth,False,False,2764
TXN00591,B001,823.62,2026-07-21 14:21:00,Payee_079,BPAY,DEV_002,Melbourne,False,False,942
TXN00592,B002,1503.88,2026-06-21 08:32:00,Payee_015,BANK_TRANSFER,DEV_008,Perth,False,False,1794
TXN00593,B002,3215.8,2026-08-10 11:15:00,Payee_095,BPAY,DEV_007,Perth,False,False,3168
TXN00594,B005,5003.37,2026-06-28 08:09:00,Payee_028,DIRECT_DEBIT,DEV_015,Sydney,False,False,4468
TXN00595,B002,4007.77,2026-08-18 10:44:00,Payee_073,BANK_TRANSFER,DEV_009,Sydney,False,False,3437
TXN00596,B004,1853.1,2026-07-25 13:56:00,Payee_038,DIRECT_DEBIT,DEV_006,Adelaide,False,False,1902
TXN00597,B005,3385.88,2026-07-26 15:37:00,Payee_061,BPAY,DEV_009,Melbourne,False,False,2381
TXN00598,B002,3174.9,2026-06-28 13:37:00,Payee_029,DIRECT_DEBIT,DEV_005,Adelaide,False,False,2530
TXN00599,B001,1164.12,2026-08-18 16:27:00,Payee_068,BPAY,DEV_016,Melbourne,False,False,828
TXN00600,B005,587.61,2026-07-26 14:08:00,Payee_046,BPAY,DEV_008,Melbourne,True,False,601
TXN00601,B002,5370.62,2026-06-25 08:29:00,Payee_099,BANK_TRANSFER,DEV_013,Sydney,False,False,4262
TXN00602,B004,345.99,2026-08-13 18:24:00,Payee_089,BPAY,DEV_017,Melbourne,False,False,511
TXN00603,B005,4193.35,2026-08-12 18:39:00,Payee_043,DIRECT_DEBIT,DEV_002,Adelaide,False,False,4943
TXN00604,B001,1299.73,2026-07-07 14:29:00,Payee_080,BANK_TRANSFER,DEV_012,Brisbane,False,False,1409
TXN00605,B001,2494.11,2026-08-08 16:41:00,Payee_062,DIRECT_DEBIT,DEV_019,Sydney,False,False,2177
TXN00606,B003,3973.69,2026-06-19 12:43:00,Payee_055,BPAY,DEV_002,Melbourne,False,False,3389
TXN00607,B005,5464.2,2026-05-28 16:52:00,Payee_069,BPAY,DEV_015,Adelaide,False,False,4814
TXN00608,B001,1537.02,2026-08-11 15:05:00,Payee_051,BANK_TRANSFER,DEV_010,Melbourne,False,False,2042
TXN00609,B002,5016.5,2026-08-20 18:18:00,Payee_054,DIRECT_DEBIT,DEV_018,Sydney,False,False,4565
TXN00610,B001,3283.75,2026-08-14 11:01:00,Payee_030,DIRECT_DEBIT,DEV_011,Perth,False,False,2888
TXN00611,B003,3040.18,2026-06-27 16:29:00,Payee_039,DIRECT_DEBIT,DEV_005,Brisbane,False,False,4482
TXN00612,B004,2787.86,2026-08-16 12:09:00,Payee_046,BPAY,DEV_015,Sydney,False,False,3546
TXN00613,B005,3017.73,2026-08-03 18:10:00,Payee_031,BANK_TRANSFER,DEV_002,Brisbane,False,False,2836
TXN00614,B003,2295.36,2026-06-12 11:45:00,Payee_005,DIRECT_DEBIT,DEV_011,Brisbane,False,False,2011
TXN00615,B002,3998.83,2026-06-20 14:49:00,Payee_019,BPAY,DEV_011,Sydney,True,False,4871
TXN00616,B005,4926.27,2026-05-24 18:18:00,Payee_061,BPAY,DEV_019,Sydney,False,False,3213
TXN00617,B004,2778.67,2026-08-05 08:43:00,Payee_071,BANK_TRANSFER,DEV_010,Melbourne,False,False,3274
TXN00618,B004,2137.7,2026-07-12 09:03:00,Payee_078,DIRECT_DEBIT,DEV_007,Adelaide,False,False,3427
TXN00619,B003,2750.19,2026-05-28 15:42:00,Payee_012,DIRECT_DEBIT,DEV_013,Sydney,False,False,2103
TXN00620,B005,1001.1,2026-07-07 18:25:00,Payee_019,DIRECT_DEBIT,DEV_014,Brisbane,False,True,959
TXN00621,B003,3050.63,2026-08-11 16:13:00,Payee_094,BPAY,DEV_014,Perth,False,False,3378
TXN00622,B004,4880.44,2026-06-08 10:38:00,Payee_012,BANK_TRANSFER,DEV_007,Brisbane,False,False,3893
TXN00623,B003,1358.62,2026-08-11 14:00:00,Payee_053,DIRECT_DEBIT,DEV_009,Perth,False,False,1041
TXN00624,B005,1400.13,2026-07-30 11:53:00,Payee_049,BPAY,DEV_018,Perth,True,False,1621
TXN00625,B005,1763.57,2026-08-19 11:50:00,Payee_001,BANK_TRANSFER,DEV_009,Brisbane,False,False,2989
TXN00626,B004,1540.06,2026-05-29 18:57:00,Payee_037,BPAY,DEV_006,Perth,False,False,1517
TXN00627,B001,1516.75,2026-06-07 09:47:00,Payee_047,DIRECT_DEBIT,DEV_016,Adelaide,False,False,1477
TXN00628,B004,1049.85,2026-06-18 13:46:00,Payee_074,BANK_TRANSFER,DEV_009,Sydney,False,False,1479
TXN00629,B004,1526.16,2026-06-30 13:40:00,Payee_046,BANK_TRANSFER,DEV_010,Brisbane,False,False,1609
TXN00630,B005,2221.31,2026-07-30 18:48:00,Payee_013,DIRECT_DEBIT,DEV_006,Adelaide,False,False,2087
TXN00631,B003,2312.82,2026-06-15 09:37:00,Payee_046,BANK_TRANSFER,DEV_001,Sydney,False,False,2723
TXN00632,B004,2515.75,2026-08-02 13:06:00,Payee_028,BANK_TRANSFER,DEV_017,Sydney,False,False,3875
TXN00633,B005,5882.92,2026-06-30 09:29:00,Payee_010,BANK_TRANSFER,DEV_005,Melbourne,False,False,4806
TXN00634,B003,1105.65,2026-06-07 15:33:00,Payee_098,BPAY,DEV_006,Brisbane,True,False,1638
TXN00635,B002,1687.9,2026-07-14 11:08:00,Payee_027,BANK_TRANSFER,DEV_003,Perth,False,False,1554
TXN00636,B001,583.04,2026-06-28 15:02:00,Payee_026,BANK_TRANSFER,DEV_002,Adelaide,False,False,654
TXN00637,B003,1143.81,2026-08-07 09:58:00,Payee_078,BANK_TRANSFER,DEV_019,Sydney,False,False,854
TXN00638,B001,1945.84,2026-06-09 12:22:00,Payee_046,BANK_TRANSFER,DEV_017,Adelaide,False,False,1692
TXN00639,B001,374.49,2026-08-01 12:57:00,Payee_097,DIRECT_DEBIT,DEV_001,Melbourne,False,False,614
TXN00640,B004,3251.73,2026-07-30 17:28:00,Payee_087,BANK_TRANSFER,DEV_006,Brisbane,False,False,3502
TXN00641,B005,1527.49,2026-08-07 13:29:00,Payee_015,DIRECT_DEBIT,DEV_005,Perth,False,False,2364
TXN00642,B005,1025.18,2026-07-12 09:31:00,Payee_015,BPAY,DEV_010,Perth,False,False,832
TXN00643,B004,1890.84,2026-07-29 14:54:00,Payee_009,BPAY,DEV_012,Sydney,True,False,2350
TXN00644,B001,3489.04,2026-06-17 15:42:00,Payee_087,BANK_TRANSFER,DEV_004,Sydney,False,False,3747
TXN00645,B001,3057.11,2026-07-28 13:38:00,Payee_052,BANK_TRANSFER,DEV_008,Perth,False,False,1882
TXN00646,B005,3471.58,2026-07-02 18:22:00,Payee_061,DIRECT_DEBIT,DEV_020,Perth,False,False,2736
TXN00647,B002,4848.43,2026-07-24 15:40:00,Payee_018,BANK_TRANSFER,DEV_004,Melbourne,False,False,4224
TXN00648,B001,2201.57,2026-06-06 14:43:00,Payee_042,BANK_TRANSFER,DEV_010,Adelaide,False,False,1967
TXN00649,B005,4733.87,2026-06-20 18:31:00,Payee_065,BPAY,DEV_018,Brisbane,False,False,4532
TXN00650,B001,635.28,2026-08-07 14:24:00,Payee_058,BPAY,DEV_013,Perth,False,True,758
TXN00651,B005,3316.31,2026-08-05 14:19:00,Payee_092,BPAY,DEV_016,Melbourne,False,False,2982
TXN00652,B005,4430.06,2026-06-23 17:30:00,Payee_072,BANK_TRANSFER,DEV_017,Melbourne,False,False,4918
TXN00653,B004,3460.61,2026-08-19 08:37:00,Payee_006,BANK_TRANSFER,DEV_012,Brisbane,False,False,3389
TXN00654,B003,2881.14,2026-06-29 09:22:00,Payee_046,BPAY,DEV_012,Melbourne,False,False,3617
TXN00655,B003,1287.99,2026-08-08 12:21:00,Payee_022,BANK_TRANSFER,DEV_018,Brisbane,True,False,1195
TXN00656,B004,4484.36,2026-07-19 14:01:00,Payee_090,BPAY,DEV_019,Melbourne,False,False,4716
TXN00657,B004,1859.37,2026-05-26 09:43:00,Payee_027,BPAY,DEV_016,Adelaide,False,False,3141
TXN00658,B002,2362.36,2026-06-28 13:12:00,Payee_064,DIRECT_DEBIT,DEV_003,Adelaide,False,False,2953
TXN00659,B003,4239.5,2026-06-09 09:06:00,Payee_076,BPAY,DEV_009,Melbourne,False,False,3793
TXN00660,B004,1487.06,2026-08-13 13:41:00,Payee_039,DIRECT_DEBIT,DEV_010,Perth,False,False,2218
TXN00661,B004,3785.93,2026-06-13 18:11:00,Payee_003,DIRECT_DEBIT,DEV_017,Sydney,False,False,3795
TXN00662,B004,3504.62,2026-06-15 18:51:00,Payee_079,BPAY,DEV_019,Melbourne,False,False,2694
TXN00663,B002,3018.44,2026-06-28 12:26:00,Payee_041,BANK_TRANSFER,DEV_007,Perth,False,False,2469
TXN00664,B002,3401.36,2026-06-07 18:15:00,Payee_052,BANK_TRANSFER,DEV_004,Sydney,False,False,2600
TXN00665,B003,1003.27,2026-06-01 14:57:00,Payee_005,BANK_TRANSFER,DEV_006,Brisbane,False,False,4302
TXN00666,B003,2078.08,2026-08-17 18:46:00,Payee_063,BANK_TRANSFER,DEV_002,Melbourne,False,False,1941
TXN00667,B001,4974.05,2026-07-03 09:53:00,Payee_093,BANK_TRANSFER,DEV_008,Melbourne,False,False,3834
TXN00668,B001,3698.77,2026-06-09 18:49:00,Payee_068,BPAY,DEV_016,Melbourne,False,False,4775
TXN00669,B003,3843.24,2026-06-29 11:13:00,Payee_019,BANK_TRANSFER,DEV_006,Sydney,False,False,3197
TXN00670,B003,617.67,2026-06-15 15:23:00,Payee_090,BANK_TRANSFER,DEV_011,Adelaide,False,False,958
TXN00671,B003,1251.01,2026-08-20 12:41:00,Payee_078,BANK_TRANSFER,DEV_002,Sydney,False,False,1687
TXN00672,B003,1949.73,2026-07-23 16:54:00,Payee_057,BPAY,DEV_001,Perth,False,False,1499
TXN00673,B003,1718.64,2026-07-27 12:55:00,Payee_021,BPAY,DEV_011,Perth,False,False,1239
TXN00674,B001,3785.85,2026-07-01 15:59:00,Payee_043,DIRECT_DEBIT,DEV_014,Melbourne,False,False,4527
TXN00675,B005,831.59,2026-07-12 16:29:00,Payee_089,BANK_TRANSFER,DEV_002,Sydney,False,False,1043
TXN00676,B002,667.93,2026-07-28 14:40:00,Payee_040,BPAY,DEV_019,Melbourne,False,False,525
TXN00677,B002,4085.17,2026-08-05 15:16:00,Payee_023,DIRECT_DEBIT,DEV_019,Brisbane,False,False,3861
TXN00678,B004,2768.47,2026-07-03 10:56:00,Payee_049,DIRECT_DEBIT,DEV_008,Melbourne,False,False,3511
TXN00679,B005,3709.9,2026-07-20 11:44:00,Payee_022,BANK_TRANSFER,DEV_013,Adelaide,False,False,2373
TXN00680,B001,2201.87,2026-06-11 10:07:00,Payee_002,DIRECT_DEBIT,DEV_017,Perth,False,False,3514
TXN00681,B004,1509.54,2026-07-17 12:47:00,Payee_064,BPAY,DEV_005,Perth,False,False,1470
TXN00682,B003,2392.12,2026-07-30 14:26:00,Payee_019,BANK_TRANSFER,DEV_010,Brisbane,False,False,2051
TXN00683,B002,2423.63,2026-08-21 09:30:00,Payee_018,BPAY,DEV_013,Sydney,False,False,3528
TXN00684,B005,2132.22,2026-08-10 09:35:00,Payee_008,BANK_TRANSFER,DEV_011,Sydney,False,False,2599
TXN00685,B005,1130.21,2026-07-15 14:25:00,Payee_086,BPAY,DEV_005,Adelaide,True,False,872
TXN00686,B002,4672.16,2026-07-10 15:56:00,Payee_060,BANK_TRANSFER,DEV_003,Brisbane,False,False,4626
TXN00687,B003,1066.18,2026-07-18 15:47:00,Payee_047,BPAY,DEV_010,Brisbane,False,False,1457
TXN00688,B003,7759.87,2026-06-28 13:57:00,Payee_022,BPAY,DEV_016,Sydney,False,False,4735
TXN00689,B004,964.32,2026-08-18 10:30:00,Payee_034,BANK_TRANSFER,DEV_015,Perth,False,False,935
TXN00690,B004,898.77,2026-07-08 15:45:00,Payee_072,BPAY,DEV_015,Perth,False,False,834
TXN00691,B002,1362.54,2026-07-30 12:53:00,Payee_022,DIRECT_DEBIT,DEV_017,Brisbane,False,False,1512
TXN00692,B002,605.9,2026-06-10 16:11:00,Payee_054,BANK_TRANSFER,DEV_008,Perth,False,False,533
TXN00693,B001,2381.16,2026-07-06 14:37:00,Payee_014,BPAY,DEV_005,Melbourne,False,False,2828
TXN00694,B004,2771.49,2026-07-19 18:38:00,Payee_085,BANK_TRANSFER,DEV_011,Melbourne,False,False,4219
TXN00695,B003,1588.6,2026-07-17 18:20:00,Payee_008,DIRECT_DEBIT,DEV_003,Adelaide,False,False,1559
TXN00696,B004,2788.57,2026-07-23 10:49:00,Payee_052,BANK_TRANSFER,DEV_001,Sydney,False,False,2590
TXN00697,B003,2133.77,2026-07-14 14:57:00,Payee_088,DIRECT_DEBIT,DEV_005,Brisbane,False,False,1762
TXN00698,B005,2563.64,2026-06-26 15:56:00,Payee_050,BPAY,DEV_009,Adelaide,False,False,2137
TXN00699,B004,2808.02,2026-08-11 14:02:00,Payee_066,BPAY,DEV_015,Sydney,False,False,3516
TXN00700,B004,3975.71,2026-06-01 18:33:00,Payee_011,BPAY,DEV_015,Perth,True,False,4819
TXN00701,B003,2365.63,2026-07-22 12:33:00,Payee_055,BPAY,DEV_019,Melbourne,False,False,1717
TXN00702,B005,1328.99,2026-06-29 16:26:00,Payee_013,BPAY,DEV_019,Brisbane,False,False,1381
TXN00703,B005,808.77,2026-07-30 10:53:00,Payee_051,BANK_TRANSFER,DEV_003,Perth,False,False,633
TXN00704,B005,5247.9,2026-06-26 18:39:00,Payee_034,BPAY,DEV_006,Sydney,False,False,4227
TXN00705,B005,2839.22,2026-08-20 16:00:00,Payee_051,BANK_TRANSFER,DEV_001,Sydney,False,False,2624
TXN00706,B004,4102.98,2026-06-04 12:52:00,Payee_079,BPAY,DEV_013,Brisbane,False,False,4487
TXN00707,B002,1636.01,2026-08-19 11:13:00,Payee_062,DIRECT_DEBIT,DEV_005,Sydney,False,False,1416
TXN00708,B005,1334.46,2026-07-15 09:49:00,Payee_060,BANK_TRANSFER,DEV_016,Perth,True,False,2063
TXN00709,B002,5287.79,2026-06-09 15:15:00,Payee_026,BPAY,DEV_019,Perth,True,True,4147
TXN00710,B004,3656.84,2026-06-09 15:38:00,Payee_094,DIRECT_DEBIT,DEV_010,Melbourne,False,False,3905
TXN00711,B005,4541.13,2026-06-29 08:36:00,Payee_041,DIRECT_DEBIT,DEV_003,Brisbane,False,False,4496
TXN00712,B004,1585.08,2026-06-04 15:41:00,Payee_045,BPAY,DEV_014,Melbourne,False,False,1457
TXN00713,B004,2402.83,2026-05-27 17:21:00,Payee_078,DIRECT_DEBIT,DEV_015,Sydney,False,False,3316
TXN00714,B004,4355.62,2026-05-31 18:47:00,Payee_047,BPAY,DEV_006,Adelaide,False,False,3914
TXN00715,B001,4966.66,2026-06-21 17:06:00,Payee_054,BPAY,DEV_010,Sydney,False,True,4455
TXN00716,B001,3854.85,2026-07-08 12:43:00,Payee_021,BANK_TRANSFER,DEV_017,Melbourne,False,False,3439
TXN00717,B001,2661.74,2026-07-10 12:50:00,Payee_046,BANK_TRANSFER,DEV_018,Brisbane,False,False,2357
TXN00718,B005,1518.7,2026-06-27 08:51:00,Payee_059,BANK_TRANSFER,DEV_004,Adelaide,False,False,1353
TXN00719,B001,715.71,2026-07-27 09:58:00,Payee_047,BANK_TRANSFER,DEV_010,Perth,False,False,843
TXN00720,B001,1750.77,2026-07-07 18:21:00,Payee_018,BANK_TRANSFER,DEV_007,Perth,False,False,1763
TXN00721,B001,2870.04,2026-06-19 12:10:00,Payee_011,BPAY,DEV_012,Perth,False,False,2509
TXN00722,B002,3657.68,2026-07-24 14:08:00,Payee_055,BPAY,DEV_014,Perth,False,False,4838
TXN00723,B003,444.98,2026-08-14 16:05:00,Payee_044,BPAY,DEV_013,Sydney,False,False,743
TXN00724,B001,1998.73,2026-08-15 17:40:00,Payee_092,DIRECT_DEBIT,DEV_017,Brisbane,False,False,1736
TXN00725,B005,2877.57,2026-08-21 13:52:00,Payee_036,DIRECT_DEBIT,DEV_020,Sydney,False,False,2993
TXN00726,B002,3900.43,2026-06-04 17:41:00,Payee_057,DIRECT_DEBIT,DEV_012,Perth,False,False,4959
TXN00727,B001,608.14,2026-06-17 10:34:00,Payee_037,BANK_TRANSFER,DEV_003,Adelaide,False,False,802
TXN00728,B002,650.97,2026-06-14 08:37:00,Payee_034,BANK_TRANSFER,DEV_010,Perth,False,False,691
TXN00729,B001,3490.2,2026-08-16 09:48:00,Payee_084,BANK_TRANSFER,DEV_015,Brisbane,False,True,3555
TXN00730,B003,3156.86,2026-06-11 17:45:00,Payee_081,DIRECT_DEBIT,DEV_018,Adelaide,False,False,2434
TXN00731,B005,1535.31,2026-08-09 11:20:00,Payee_067,DIRECT_DEBIT,DEV_007,Brisbane,False,False,1646
TXN00732,B004,2731.14,2026-08-11 09:03:00,Payee_055,BANK_TRANSFER,DEV_016,Sydney,False,False,3875
TXN00733,B005,2822.13,2026-07-20 14:37:00,Payee_064,DIRECT_DEBIT,DEV_014,Perth,False,False,3799
TXN00734,B004,1541.99,2026-06-19 10:08:00,Payee_063,DIRECT_DEBIT,DEV_015,Sydney,False,False,1834
TXN00735,B005,1328.77,2026-08-02 08:35:00,Payee_048,BANK_TRANSFER,DEV_020,Perth,False,False,1467
TXN00736,B003,614.27,2026-08-03 16:07:00,Payee_048,BPAY,DEV_012,Brisbane,False,True,829
TXN00737,B002,1755.76,2026-07-17 12:13:00,Payee_024,DIRECT_DEBIT,DEV_016,Melbourne,False,False,1664
TXN00738,B001,2917.3,2026-06-10 15:19:00,Payee_073,BPAY,DEV_011,Perth,False,False,3920
TXN00739,B005,1622.29,2026-06-26 15:42:00,Payee_058,BANK_TRANSFER,DEV_011,Melbourne,False,False,1587
TXN00740,B004,2586.77,2026-07-03 11:21:00,Payee_070,BANK_TRANSFER,DEV_015,Brisbane,False,False,3672
TXN00741,B001,2668.88,2026-08-12 16:12:00,Payee_080,DIRECT_DEBIT,DEV_019,Melbourne,False,False,3030
TXN00742,B004,4394.95,2026-08-07 08:42:00,Payee_069,BANK_TRANSFER,DEV_001,Brisbane,False,False,4617
TXN00743,B005,5240.38,2026-07-02 13:37:00,Payee_006,BPAY,DEV_001,Brisbane,False,False,4139
TXN00744,B005,3584.23,2026-07-21 14:05:00,Payee_015,BANK_TRANSFER,DEV_018,Sydney,False,False,3099
TXN00745,B001,1605.53,2026-08-15 10:39:00,Payee_042,BANK_TRANSFER,DEV_001,Melbourne,False,False,1763
TXN00746,B002,4810.83,2026-07-20 13:24:00,Payee_016,BANK_TRANSFER,DEV_007,Sydney,False,False,3881
TXN00747,B004,4683.27,2026-07-19 09:03:00,Payee_041,BPAY,DEV_018,Perth,True,True,4666
TXN00748,B002,491.28,2026-06-13 12:37:00,Payee_087,BANK_TRANSFER,DEV_008,Adelaide,False,False,652
TXN00749,B005,2083.79,2026-07-27 16:50:00,Payee_019,BPAY,DEV_018,Sydney,False,False,3832
TXN00750,B004,4876.51,2026-08-22 08:52:00,Payee_060,DIRECT_DEBIT,DEV_010,Sydney,True,False,4200
TXN00751,B004,1668.53,2026-07-09 14:53:00,Payee_081,BANK_TRANSFER,DEV_019,Adelaide,False,False,2738
TXN00752,B005,776.27,2026-08-11 12:25:00,Payee_090,BANK_TRANSFER,DEV_005,Adelaide,False,False,1072
TXN00753,B002,5613.29,2026-07-10 18:40:00,Payee_034,DIRECT_DEBIT,DEV_015,Brisbane,False,False,4635
TXN00754,B003,2096.26,2026-06-07 15:21:00,Payee_003,DIRECT_DEBIT,DEV_005,Melbourne,False,True,2225
TXN00755,B001,1048.92,2026-07-03 15:34:00,Payee_011,DIRECT_DEBIT,DEV_003,Adelaide,True,False,1921
TXN00756,B004,1927.43,2026-07-05 13:52:00,Payee_077,BPAY,DEV_013,Sydney,False,False,1511
TXN00757,B001,653.62,2026-08-21 15:14:00,Payee_096,BANK_TRANSFER,DEV_009,Brisbane,False,False,1522
TXN00758,B003,2625.87,2026-06-20 11:23:00,Payee_005,BPAY,DEV_016,Adelaide,False,False,2311
TXN00759,B004,1720.5,2026-08-01 15:35:00,Payee_025,DIRECT_DEBIT,DEV_019,Adelaide,False,False,1408
TXN00760,B002,787.83,2026-07-20 10:59:00,Payee_073,BANK_TRANSFER,DEV_017,Brisbane,False,False,1032
TXN00761,B005,2009.13,2026-06-29 08:41:00,Payee_087,DIRECT_DEBIT,DEV_002,Brisbane,False,False,2571
TXN00762,B003,793.97,2026-06-17 18:29:00,Payee_064,BPAY,DEV_017,Melbourne,False,False,1497
TXN00763,B003,3099.66,2026-07-29 14:21:00,Payee_011,DIRECT_DEBIT,DEV_001,Sydney,False,False,3941
TXN00764,B001,2434.72,2026-08-01 11:21:00,Payee_040,BANK_TRANSFER,DEV_004,Melbourne,False,False,2547
TXN00765,B005,3566.48,2026-07-23 15:21:00,Payee_007,BPAY,DEV_017,Sydney,False,False,3238
TXN00766,B005,3442.47,2026-06-03 09:28:00,Payee_075,BANK_TRANSFER,DEV_003,Melbourne,False,False,4092
TXN00767,B001,2187.03,2026-07-15 08:39:00,Payee_081,BPAY,DEV_003,Melbourne,False,False,1544
TXN00768,B003,4243.64,2026-08-10 14:39:00,Payee_097,BPAY,DEV_008,Adelaide,False,False,3624
TXN00769,B004,2705.91,2026-06-04 17:06:00,Payee_044,DIRECT_DEBIT,DEV_001,Perth,False,False,3645
TXN00770,B001,1420.03,2026-06-07 08:45:00,Payee_009,DIRECT_DEBIT,DEV_007,Adelaide,False,False,1341
TXN00771,B003,2582.77,2026-07-22 10:08:00,Payee_006,BANK_TRANSFER,DEV_005,Brisbane,False,False,3948
TXN00772,B003,3172.79,2026-06-14 17:49:00,Payee_019,BANK_TRANSFER,DEV_016,Brisbane,False,False,3049
TXN00773,B001,3212.11,2026-07-23 08:32:00,Payee_072,BANK_TRANSFER,DEV_014,Brisbane,False,False,4740
TXN00774,B002,853.74,2026-07-29 13:42:00,Payee_061,DIRECT_DEBIT,DEV_015,Adelaide,False,False,1060
TXN00775,B005,2618.26,2026-08-09 10:29:00,Payee_006,BPAY,DEV_008,Melbourne,False,False,3249
TXN00776,B004,1856.19,2026-06-22 11:47:00,Payee_099,BPAY,DEV_013,Sydney,False,False,2246
TXN00777,B001,4287.44,2026-08-08 16:09:00,Payee_038,BPAY,DEV_007,Adelaide,False,False,3472
TXN00778,B001,2162.15,2026-07-17 11:11:00,Payee_029,BPAY,DEV_006,Brisbane,False,False,2131
TXN00779,B002,734.98,2026-08-20 09:53:00,Payee_087,BANK_TRANSFER,DEV_013,Melbourne,False,False,676
TXN00780,B004,2896.62,2026-07-06 13:42:00,Payee_022,DIRECT_DEBIT,DEV_020,Perth,False,False,2467
TXN00781,B002,1642.33,2026-05-26 14:23:00,Payee_041,DIRECT_DEBIT,DEV_014,Sydney,False,False,1571
TXN00782,B005,1728.03,2026-07-16 16:50:00,Payee_020,BPAY,DEV_008,Melbourne,False,False,2049
TXN00783,B002,7043.87,2026-08-12 11:50:00,Payee_061,DIRECT_DEBIT,DEV_020,Melbourne,False,False,4663
TXN00784,B005,3198.58,2026-06-17 15:29:00,Payee_023,BPAY,DEV_012,Adelaide,False,False,3565
TXN00785,B004,4253.55,2026-05-31 17:02:00,Payee_027,BANK_TRANSFER,DEV_007,Perth,False,False,4381
TXN00786,B003,4981.84,2026-06-10 14:10:00,Payee_048,BPAY,DEV_018,Melbourne,False,False,3981
TXN00787,B004,3813.05,2026-06-18 15:39:00,Payee_044,BPAY,DEV_015,Perth,False,False,4750
TXN00788,B004,3920.56,2026-07-05 12:01:00,Payee_023,BPAY,DEV_008,Brisbane,False,False,3097
TXN00789,B001,3391.79,2026-08-12 18:50:00,Payee_036,BANK_TRANSFER,DEV_004,Melbourne,True,True,2912
TXN00790,B002,2423.97,2026-05-28 11:21:00,Payee_033,BPAY,DEV_009,Sydney,False,False,3234
TXN00791,B005,3194.84,2026-07-02 13:25:00,Payee_075,DIRECT_DEBIT,DEV_001,Perth,False,False,2639
TXN00792,B002,3798.46,2026-07-24 11:46:00,Payee_096,BANK_TRANSFER,DEV_016,Sydney,False,False,3756
TXN00793,B004,4034.51,2026-06-29 11:49:00,Payee_090,BPAY,DEV_007,Perth,False,False,4279
TXN00794,B003,1784.13,2026-08-06 17:19:00,Payee_095,BANK_TRANSFER,DEV_016,Brisbane,False,False,1638
TXN00795,B004,4403.73,2026-08-18 17:59:00,Payee_018,BANK_TRANSFER,DEV_011,Adelaide,False,False,4904
TXN00796,B005,4873.37,2026-07-27 14:25:00,Payee_009,DIRECT_DEBIT,DEV_013,Sydney,False,False,3702
TXN00797,B004,3287.85,2026-07-31 16:02:00,Payee_089,DIRECT_DEBIT,DEV_016,Melbourne,False,False,2995
TXN00798,B004,3008.29,2026-07-24 11:18:00,Payee_085,DIRECT_DEBIT,DEV_003,Perth,True,False,2825
TXN00799,B002,3695.47,2026-08-08 10:08:00,Payee_069,BPAY,DEV_016,Melbourne,False,False,3176
TXN00800,B002,1253.62,2026-07-14 11:27:00,Payee_091,DIRECT_DEBIT,DEV_016,Sydney,False,False,1564
TXN00801,B005,1340.73,2026-07-28 12:00:00,Payee_019,BPAY,DEV_003,Perth,False,False,2162
TXN00802,B003,4494.29,2026-06-24 15:36:00,Payee_006,DIRECT_DEBIT,DEV_003,Brisbane,False,False,4521
TXN00803,B003,1876.83,2026-06-30 10:15:00,Payee_023,DIRECT_DEBIT,DEV_014,Perth,False,False,2936
TXN00804,B005,1659.29,2026-05-25 14:02:00,Payee_031,BANK_TRANSFER,DEV_009,Adelaide,False,False,1282
TXN00805,B002,2909.63,2026-07-06 09:04:00,Payee_097,BANK_TRANSFER,DEV_017,Brisbane,False,False,4542
TXN00806,B002,5685.71,2026-06-24 08:01:00,Payee_010,DIRECT_DEBIT,DEV_015,Perth,False,False,4645
TXN00807,B002,4440.97,2026-07-12 10:42:00,Payee_096,BPAY,DEV_016,Perth,True,False,3749
TXN00808,B002,4267.39,2026-06-23 10:52:00,Payee_036,BANK_TRANSFER,DEV_006,Melbourne,False,False,4085
TXN00809,B001,4839.2,2026-08-21 18:43:00,Payee_035,BANK_TRANSFER,DEV_015,Brisbane,False,False,4879
TXN00810,B005,1925.8,2026-05-25 15:03:00,Payee_082,DIRECT_DEBIT,DEV_004,Perth,False,False,2270
TXN00811,B005,662.86,2026-07-22 11:23:00,Payee_031,BANK_TRANSFER,DEV_003,Melbourne,False,False,538
TXN00812,B003,2225.95,2026-05-29 18:04:00,Payee_029,BANK_TRANSFER,DEV_006,Sydney,True,False,2074
TXN00813,B003,2671.81,2026-06-14 11:25:00,Payee_055,BANK_TRANSFER,DEV_008,Sydney,False,False,3143
TXN00814,B001,3560.27,2026-07-13 18:00:00,Payee_050,BANK_TRANSFER,DEV_015,Sydney,True,False,3794
TXN00815,B005,5285.57,2026-07-15 14:49:00,Payee_077,BPAY,DEV_004,Adelaide,False,False,3522
TXN00816,B005,2174.11,2026-08-10 12:38:00,Payee_042,DIRECT_DEBIT,DEV_013,Sydney,False,False,1904
TXN00817,B003,4640.29,2026-06-26 17:24:00,Payee_066,DIRECT_DEBIT,DEV_008,Adelaide,False,False,4449
TXN00818,B002,686.07,2026-08-07 17:19:00,Payee_031,DIRECT_DEBIT,DEV_014,Sydney,False,False,673
TXN00819,B003,4395.18,2026-06-01 11:02:00,Payee_031,DIRECT_DEBIT,DEV_020,Perth,False,False,4585
TXN00820,B003,3526.72,2026-08-17 18:33:00,Payee_054,DIRECT_DEBIT,DEV_010,Melbourne,False,False,3101
TXN00821,B003,2540.75,2026-07-22 18:51:00,Payee_088,DIRECT_DEBIT,DEV_008,Adelaide,False,False,2484
TXN00822,B002,4453.53,2026-08-22 18:04:00,Payee_063,BANK_TRANSFER,DEV_007,Melbourne,False,False,4123
TXN00823,B002,1957.19,2026-07-23 11:32:00,Payee_011,BPAY,DEV_015,Brisbane,False,False,1528
TXN00824,B004,2300.24,2026-07-22 17:19:00,Payee_037,DIRECT_DEBIT,DEV_015,Sydney,False,False,1945
TXN00825,B001,3026.14,2026-06-29 15:32:00,Payee_079,DIRECT_DEBIT,DEV_014,Sydney,False,False,3445
TXN00826,B001,3951.62,2026-08-12 14:48:00,Payee_039,DIRECT_DEBIT,DEV_018,Sydney,False,False,3624
TXN00827,B004,3996.58,2026-06-06 16:30:00,Payee_010,BPAY,DEV_005,Perth,False,False,4298
TXN00828,B001,720.91,2026-07-06 16:31:00,Payee_052,BPAY,DEV_013,Brisbane,False,False,605
TXN00829,B005,1018.98,2026-07-04 09:59:00,Payee_073,BANK_TRANSFER,DEV_007,Perth,False,False,1083
TXN00830,B003,4852.32,2026-06-02 15:44:00,Payee_048,DIRECT_DEBIT,DEV_002,Perth,False,False,4674
TXN00831,B002,6386.37,2026-05-24 18:43:00,Payee_004,DIRECT_DEBIT,DEV_005,Brisbane,False,False,4413
TXN00832,B002,2837.43,2026-06-06 11:37:00,Payee_085,BANK_TRANSFER,DEV_001,Melbourne,False,False,2583
TXN00833,B004,3064.9,2026-06-17 09:58:00,Payee_025,BPAY,DEV_006,Perth,False,False,3757
TXN00834,B005,1270.93,2026-07-14 17:46:00,Payee_053,DIRECT_DEBIT,DEV_003,Melbourne,False,False,3635
TXN00835,B003,1634.89,2026-05-25 14:19:00,Payee_001,BANK_TRANSFER,DEV_016,Melbourne,False,False,1669
TXN00836,B004,5617.02,2026-05-31 14:18:00,Payee_094,BPAY,DEV_006,Sydney,False,False,4800
TXN00837,B002,5616.83,2026-06-11 15:52:00,Payee_028,BANK_TRANSFER,DEV_007,Melbourne,False,False,4485
TXN00838,B002,4078.0,2026-06-27 14:40:00,Payee_080,BANK_TRANSFER,DEV_006,Melbourne,False,False,2624
TXN00839,B003,839.69,2026-06-21 15:43:00,Payee_098,BANK_TRANSFER,DEV_001,Melbourne,False,False,1026
TXN00840,B005,1075.88,2026-07-26 09:33:00,Payee_001,BPAY,DEV_020,Adelaide,False,False,842
TXN00841,B004,4440.68,2026-07-06 13:43:00,Payee_044,BPAY,DEV_008,Brisbane,False,False,4376
TXN00842,B001,2254.1,2026-08-10 13:00:00,Payee_059,DIRECT_DEBIT,DEV_013,Sydney,True,False,3416
TXN00843,B005,3897.85,2026-07-06 11:28:00,Payee_080,DIRECT_DEBIT,DEV_016,Adelaide,False,False,2789
TXN00844,B003,555.7,2026-07-07 18:55:00,Payee_006,DIRECT_DEBIT,DEV_011,Perth,False,False,636
TXN00845,B005,766.52,2026-05-30 15:54:00,Payee_090,BANK_TRANSFER,DEV_013,Brisbane,False,False,1166
TXN00846,B005,6866.5,2026-08-06 08:31:00,Payee_012,BPAY,DEV_018,Perth,False,False,4633
TXN00847,B001,4018.15,2026-08-01 11:48:00,Payee_085,DIRECT_DEBIT,DEV_003,Melbourne,False,False,4449
TXN00848,B002,2671.4,2026-07-18 14:14:00,Payee_093,BPAY,DEV_016,Melbourne,False,False,3174
TXN00849,B004,1318.72,2026-06-10 11:49:00,Payee_077,BANK_TRANSFER,DEV_011,Perth,False,False,1240
TXN00850,B004,3198.9,2026-07-25 11:16:00,Payee_015,BPAY,DEV_003,Melbourne,False,False,4079
TXN00851,B002,1281.1,2026-07-05 13:36:00,Payee_095,BANK_TRANSFER,DEV_010,Melbourne,False,False,1451
TXN00852,B004,3741.04,2026-07-07 13:51:00,Payee_087,BANK_TRANSFER,DEV_017,Adelaide,False,False,3970
TXN00853,B001,5550.38,2026-07-25 12:31:00,Payee_088,BPAY,DEV_005,Adelaide,False,False,4909
TXN00854,B001,2577.74,2026-06-19 12:44:00,Payee_016,BPAY,DEV_019,Perth,False,False,3122
TXN00855,B003,5108.65,2026-07-27 10:54:00,Payee_094,BANK_TRANSFER,DEV_002,Sydney,False,False,3585
TXN00856,B003,2100.97,2026-06-13 08:25:00,Payee_044,BPAY,DEV_016,Brisbane,False,False,1804
TXN00857,B005,2495.77,2026-07-03 16:06:00,Payee_017,BPAY,DEV_019,Melbourne,False,False,2818
TXN00858,B004,2860.37,2026-08-05 17:28:00,Payee_090,BPAY,DEV_010,Sydney,False,False,1840
TXN00859,B002,390.85,2026-05-28 09:50:00,Payee_019,BPAY,DEV_014,Sydney,False,False,574
TXN00860,B004,2709.93,2026-08-07 08:32:00,Payee_084,BPAY,DEV_019,Perth,False,False,1971
TXN00861,B004,2961.71,2026-07-15 15:44:00,Payee_077,BANK_TRANSFER,DEV_013,Melbourne,False,False,2507
TXN00862,B004,2862.34,2026-05-31 18:28:00,Payee_048,BANK_TRANSFER,DEV_004,Melbourne,False,False,2754
TXN00863,B005,3097.84,2026-06-22 17:17:00,Payee_089,DIRECT_DEBIT,DEV_004,Adelaide,False,False,2342
TXN00864,B004,3082.43,2026-08-06 17:06:00,Payee_042,BANK_TRANSFER,DEV_018,Sydney,False,False,2944
TXN00865,B004,5207.94,2026-06-17 09:53:00,Payee_075,DIRECT_DEBIT,DEV_004,Sydney,False,False,4894
TXN00866,B002,1380.86,2026-06-12 08:28:00,Payee_041,BANK_TRANSFER,DEV_002,Sydney,False,False,1974
TXN00867,B001,2706.39,2026-06-19 09:19:00,Payee_047,DIRECT_DEBIT,DEV_006,Perth,False,False,2603
TXN00868,B002,2803.14,2026-06-17 08:57:00,Payee_038,DIRECT_DEBIT,DEV_018,Perth,False,False,2962
TXN00869,B003,8212.08,2026-06-15 17:32:00,Payee_027,DIRECT_DEBIT,DEV_004,Melbourne,False,False,4781
TXN00870,B003,1243.53,2026-06-06 10:35:00,Payee_028,DIRECT_DEBIT,DEV_012,Brisbane,False,False,2263
TXN00871,B001,2525.19,2026-07-02 10:29:00,Payee_011,BPAY,DEV_014,Sydney,False,False,2588
TXN00872,B003,2828.83,2026-06-11 13:42:00,Payee_083,DIRECT_DEBIT,DEV_020,Sydney,False,False,2078
TXN00873,B004,4813.52,2026-07-19 09:07:00,Payee_069,BANK_TRANSFER,DEV_018,Perth,True,False,3604
TXN00874,B003,3410.16,2026-08-04 12:55:00,Payee_029,BPAY,DEV_001,Melbourne,False,False,3232
TXN00875,B004,1395.65,2026-07-14 16:37:00,Payee_063,BANK_TRANSFER,DEV_017,Brisbane,False,False,1360
TXN00876,B005,2378.2,2026-08-10 17:57:00,Payee_007,BANK_TRANSFER,DEV_011,Perth,False,False,2720
TXN00877,B005,3307.17,2026-05-27 08:32:00,Payee_092,BANK_TRANSFER,DEV_005,Sydney,False,False,3798
TXN00878,B001,3598.83,2026-05-28 11:38:00,Payee_054,DIRECT_DEBIT,DEV_015,Sydney,False,False,3532
TXN00879,B004,3960.83,2026-07-24 16:19:00,Payee_082,BANK_TRANSFER,DEV_010,Perth,False,False,4614
TXN00880,B001,1805.88,2026-08-11 11:10:00,Payee_074,BANK_TRANSFER,DEV_003,Brisbane,False,False,1128
TXN00881,B001,2952.49,2026-06-22 10:31:00,Payee_066,DIRECT_DEBIT,DEV_018,Melbourne,False,False,3973
TXN00882,B001,1909.09,2026-07-09 16:15:00,Payee_095,DIRECT_DEBIT,DEV_017,Adelaide,True,False,3981
TXN00883,B002,5398.56,2026-08-05 13:32:00,Payee_046,BANK_TRANSFER,DEV_014,Perth,False,False,4788
TXN00884,B001,2980.17,2026-07-22 18:53:00,Payee_070,BANK_TRANSFER,DEV_010,Brisbane,False,False,3268
TXN00885,B001,3885.17,2026-06-18 18:52:00,Payee_005,BPAY,DEV_020,Perth,True,True,3724
TXN00886,B004,3857.11,2026-07-08 12:06:00,Payee_001,BPAY,DEV_006,Perth,False,False,3191
TXN00887,B004,2666.27,2026-07-01 10:07:00,Payee_063,BANK_TRANSFER,DEV_005,Brisbane,False,False,2118
TXN00888,B003,4016.56,2026-07-30 14:34:00,Payee_035,BANK_TRANSFER,DEV_015,Perth,False,False,3485
TXN00889,B004,371.77,2026-08-08 11:12:00,Payee_037,BANK_TRANSFER,DEV_005,Perth,False,False,547
TXN00890,B001,2521.94,2026-07-28 18:30:00,Payee_086,BPAY,DEV_004,Perth,False,False,1813
TXN00891,B002,3170.42,2026-06-19 14:46:00,Payee_095,BPAY,DEV_005,Melbourne,False,False,3161
TXN00892,B002,1001.85,2026-06-19 13:00:00,Payee_099,DIRECT_DEBIT,DEV_008,Melbourne,False,False,1774
TXN00893,B005,458.03,2026-08-12 15:48:00,Payee_055,BANK_TRANSFER,DEV_020,Sydney,False,False,565
TXN00894,B003,1561.52,2026-05-25 12:15:00,Payee_086,BPAY,DEV_007,Perth,False,False,1442
TXN00895,B005,2350.31,2026-06-02 18:09:00,Payee_030,BANK_TRANSFER,DEV_005,Perth,True,False,1984
TXN00896,B002,5809.03,2026-06-05 08:12:00,Payee_012,BANK_TRANSFER,DEV_013,Perth,False,False,3992
TXN00897,B002,1975.13,2026-06-29 16:41:00,Payee_007,BPAY,DEV_004,Brisbane,False,False,2316
TXN00898,B004,3140.42,2026-08-16 13:11:00,Payee_006,BANK_TRANSFER,DEV_002,Brisbane,False,False,2523
TXN00899,B005,1095.85,2026-07-07 15:21:00,Payee_039,BANK_TRANSFER,DEV_004,Melbourne,False,False,1325
TXN00900,B002,3470.62,2026-07-07 13:47:00,Payee_100,DIRECT_DEBIT,DEV_017,Adelaide,False,False,3213
TXN00901,B002,4014.96,2026-06-06 18:07:00,Payee_006,DIRECT_DEBIT,DEV_007,Sydney,False,False,3646
TXN00902,B001,5284.47,2026-07-10 17:19:00,Payee_093,BPAY,DEV_007,Adelaide,False,True,4977
TXN00903,B002,3213.71,2026-07-09 16:57:00,Payee_047,BPAY,DEV_004,Perth,True,False,3925
TXN00904,B005,638.59,2026-06-07 10:17:00,Payee_090,BANK_TRANSFER,DEV_010,Melbourne,False,False,679
TXN00905,B002,2598.67,2026-08-13 16:10:00,Payee_057,DIRECT_DEBIT,DEV_013,Adelaide,False,False,3756
TXN00906,B003,2216.14,2026-08-22 10:10:00,Payee_074,BANK_TRANSFER,DEV_019,Melbourne,False,False,2195
TXN00907,B004,4256.69,2026-07-25 12:18:00,Payee_091,BPAY,DEV_018,Melbourne,False,True,4627
TXN00908,B002,2039.2,2026-06-02 08:09:00,Payee_036,BANK_TRANSFER,DEV_009,Melbourne,False,False,2890
TXN00909,B002,6193.61,2026-06-06 18:23:00,Payee_042,BANK_TRANSFER,DEV_018,Brisbane,False,False,4879
TXN00910,B005,3617.91,2026-08-15 13:40:00,Payee_002,BPAY,DEV_008,Brisbane,False,False,2915
TXN00911,B005,1281.38,2026-07-21 18:55:00,Payee_081,DIRECT_DEBIT,DEV_020,Adelaide,False,False,1371
TXN00912,B003,1685.46,2026-06-09 11:40:00,Payee_097,BPAY,DEV_005,Perth,False,False,2701
TXN00913,B003,1870.37,2026-06-25 10:11:00,Payee_023,BANK_TRANSFER,DEV_019,Perth,False,False,1715
TXN00914,B003,629.02,2026-08-02 12:56:00,Payee_023,BPAY,DEV_020,Sydney,True,False,672
TXN00915,B002,6585.98,2026-06-16 09:08:00,Payee_094,BANK_TRANSFER,DEV_020,Melbourne,False,True,4227
TXN00916,B001,550.45,2026-07-22 10:49:00,Payee_011,BPAY,DEV_005,Adelaide,True,False,858
TXN00917,B001,4845.25,2026-07-28 09:08:00,Payee_062,DIRECT_DEBIT,DEV_015,Sydney,False,False,4943
TXN00918,B002,740.36,2026-05-26 16:17:00,Payee_081,DIRECT_DEBIT,DEV_004,Melbourne,False,False,957
TXN00919,B003,704.15,2026-08-22 10:58:00,Payee_029,BANK_TRANSFER,DEV_008,Perth,False,False,1340
TXN00920,B003,2268.99,2026-07-04 18:43:00,Payee_092,BANK_TRANSFER,DEV_016,Sydney,False,False,2350
TXN00921,B003,4112.06,2026-08-12 13:57:00,Payee_006,DIRECT_DEBIT,DEV_005,Sydney,False,False,3427
TXN00922,B002,4396.85,2026-05-29 10:43:00,Payee_039,DIRECT_DEBIT,DEV_010,Brisbane,False,False,3983
TXN00923,B004,4989.2,2026-08-22 09:55:00,Payee_020,DIRECT_DEBIT,DEV_005,Brisbane,False,False,3523
TXN00924,B004,854.77,2026-06-10 09:27:00,Payee_094,BPAY,DEV_005,Melbourne,False,False,1051
TXN00925,B004,3012.76,2026-06-06 14:50:00,Payee_082,BPAY,DEV_005,Sydney,False,False,3388
TXN00926,B005,6031.63,2026-06-15 15:34:00,Payee_030,BPAY,DEV_003,Adelaide,False,False,4872
TXN00927,B002,1216.14,2026-07-07 08:35:00,Payee_061,BANK_TRANSFER,DEV_004,Melbourne,False,False,1214
TXN00928,B002,2968.96,2026-08-04 15:53:00,Payee_071,BPAY,DEV_008,Sydney,False,False,2914
TXN00929,B002,2013.4,2026-08-19 14:44:00,Payee_055,BPAY,DEV_002,Melbourne,False,False,1460
TXN00930,B005,1629.63,2026-08-04 08:23:00,Payee_019,BANK_TRANSFER,DEV_008,Melbourne,True,False,1795
TXN00931,B004,1773.01,2026-06-16 10:44:00,Payee_039,BPAY,DEV_014,Brisbane,False,False,1726
TXN00932,B001,2050.45,2026-08-03 09:03:00,Payee_083,BANK_TRANSFER,DEV_020,Sydney,False,True,2849
TXN00933,B004,2349.86,2026-06-19 17:19:00,Payee_091,BANK_TRANSFER,DEV_014,Sydney,False,False,4221
TXN00934,B004,1285.66,2026-07-02 11:39:00,Payee_008,BANK_TRANSFER,DEV_013,Sydney,False,False,1525
TXN00935,B005,1261.21,2026-05-31 13:41:00,Payee_052,BPAY,DEV_006,Melbourne,False,False,1132
TXN00936,B002,2014.73,2026-08-09 09:04:00,Payee_047,DIRECT_DEBIT,DEV_011,Melbourne,False,False,2711
TXN00937,B001,1044.11,2026-07-29 12:35:00,Payee_026,DIRECT_DEBIT,DEV_002,Sydney,False,False,1035
TXN00938,B005,898.29,2026-06-22 17:02:00,Payee_007,BPAY,DEV_003,Brisbane,True,False,867
TXN00939,B003,2943.94,2026-07-08 14:08:00,Payee_090,DIRECT_DEBIT,DEV_004,Brisbane,False,False,3761
TXN00940,B001,4611.64,2026-08-19 10:37:00,Payee_049,BPAY,DEV_019,Melbourne,False,False,4613
TXN00941,B004,1240.14,2026-07-26 11:51:00,Payee_088,DIRECT_DEBIT,DEV_005,Sydney,False,False,1145
TXN00942,B005,4436.32,2026-06-26 13:50:00,Payee_017,BPAY,DEV_010,Brisbane,False,False,4786
TXN00943,B001,3889.16,2026-08-13 17:09:00,Payee_073,DIRECT_DEBIT,DEV_016,Melbourne,False,False,3675
TXN00944,B003,9218.59,2026-06-20 09:06:00,Payee_059,BPAY,DEV_006,Brisbane,False,False,4982
TXN00945,B003,3845.59,2026-07-20 15:30:00,Payee_033,BPAY,DEV_005,Melbourne,False,False,3394
TXN00946,B003,3085.92,2026-07-01 14:54:00,Payee_080,DIRECT_DEBIT,DEV_005,Perth,False,False,2848
TXN00947,B003,4356.61,2026-07-20 15:56:00,Payee_088,BANK_TRANSFER,DEV_020,Melbourne,False,False,3561
TXN00948,B005,638.05,2026-08-09 10:18:00,Payee_049,BANK_TRANSFER,DEV_019,Perth,False,False,565
TXN00949,B004,1057.93,2026-06-24 16:06:00,Payee_011,BANK_TRANSFER,DEV_004,Perth,False,False,1265
TXN00950,B003,1262.89,2026-07-10 13:38:00,Payee_063,BANK_TRANSFER,DEV_016,Melbourne,False,True,1028
TXN00951,B002,4808.88,2026-08-18 17:38:00,Payee_100,BPAY,DEV_002,Brisbane,False,False,4349
TXN00952,B002,1072.41,2026-08-20 11:48:00,Payee_088,BPAY,DEV_009,Brisbane,False,False,943
TXN00953,B001,2265.42,2026-06-30 15:33:00,Payee_028,DIRECT_DEBIT,DEV_009,Sydney,False,False,2743
TXN00954,B004,3691.22,2026-08-01 12:12:00,Payee_045,BPAY,DEV_016,Perth,False,False,3301
TXN00955,B004,4348.74,2026-06-12 08:50:00,Payee_077,BANK_TRANSFER,DEV_003,Adelaide,False,False,3405
TXN00956,B003,511.52,2026-06-25 10:59:00,Payee_019,BPAY,DEV_011,Melbourne,False,False,616
TXN00957,B003,4149.77,2026-06-02 10:28:00,Payee_082,DIRECT_DEBIT,DEV_004,Melbourne,False,False,4765
TXN00958,B004,1323.02,2026-06-07 10:24:00,Payee_028,BPAY,DEV_007,Sydney,False,False,4973
TXN00959,B001,3595.26,2026-06-19 12:52:00,Payee_016,DIRECT_DEBIT,DEV_016,Perth,False,False,3533
TXN00960,B005,3822.13,2026-07-11 16:07:00,Payee_023,BPAY,DEV_014,Brisbane,False,False,3988
TXN00961,B005,2624.38,2026-06-28 18:40:00,Payee_037,DIRECT_DEBIT,DEV_020,Melbourne,False,False,4070
TXN00962,B001,1637.57,2026-08-20 18:39:00,Payee_053,BANK_TRANSFER,DEV_016,Adelaide,False,False,1234
TXN00963,B004,4363.22,2026-06-30 12:13:00,Payee_029,BPAY,DEV_018,Perth,False,False,4623
TXN00964,B001,3265.91,2026-07-01 15:58:00,Payee_083,DIRECT_DEBIT,DEV_013,Melbourne,False,False,3372
TXN00965,B005,2708.74,2026-06-30 12:43:00,Payee_031,BANK_TRANSFER,DEV_014,Melbourne,True,False,2823
TXN00966,B003,6481.89,2026-07-13 17:21:00,Payee_022,DIRECT_DEBIT,DEV_014,Sydney,False,False,4751
TXN00967,B005,4514.53,2026-06-29 17:08:00,Payee_082,BPAY,DEV_006,Perth,False,False,3722
TXN00968,B004,1445.19,2026-05-24 09:51:00,Payee_017,DIRECT_DEBIT,DEV_004,Adelaide,False,False,2392
TXN00969,B003,2090.46,2026-08-19 09:27:00,Payee_002,DIRECT_DEBIT,DEV_019,Sydney,True,False,1802
TXN00970,B001,3437.83,2026-08-06 08:29:00,Payee_082,DIRECT_DEBIT,DEV_012,Sydney,False,False,3632
TXN00971,B003,1705.25,2026-07-20 14:42:00,Payee_007,BPAY,DEV_003,Sydney,False,False,2087
TXN00972,B005,1291.25,2026-06-25 09:59:00,Payee_077,BANK_TRANSFER,DEV_004,Sydney,False,False,1347
TXN00973,B001,864.92,2026-07-03 11:06:00,Payee_063,BANK_TRANSFER,DEV_014,Melbourne,False,False,1133
TXN00974,B002,3972.72,2026-07-13 14:40:00,Payee_058,BANK_TRANSFER,DEV_006,Brisbane,True,False,3939
TXN00975,B005,885.47,2026-06-22 13:39:00,Payee_077,DIRECT_DEBIT,DEV_001,Sydney,False,False,757
TXN00976,B001,2398.86,2026-08-19 17:34:00,Payee_003,DIRECT_DEBIT,DEV_017,Sydney,False,False,2079
TXN00977,B002,679.9,2026-07-19 10:17:00,Payee_062,BANK_TRANSFER,DEV_003,Brisbane,False,False,741
TXN00978,B004,5270.83,2026-06-18 14:25:00,Payee_025,BPAY,DEV_006,Sydney,False,False,4561
TXN00979,B003,5035.1,2026-07-14 17:10:00,Payee_027,DIRECT_DEBIT,DEV_016,Perth,False,False,3718
TXN00980,B003,3942.74,2026-08-09 17:38:00,Payee_050,BPAY,DEV_007,Adelaide,False,False,3111
TXN00981,B001,4317.1,2026-07-21 16:37:00,Payee_053,BPAY,DEV_020,Adelaide,False,True,4181
TXN00982,B002,3321.72,2026-07-30 14:22:00,Payee_032,BANK_TRANSFER,DEV_007,Brisbane,False,False,3143
TXN00983,B001,569.06,2026-07-26 13:29:00,Payee_073,BPAY,DEV_008,Adelaide,True,False,578
TXN00984,B002,4981.07,2026-08-09 11:35:00,Payee_036,DIRECT_DEBIT,DEV_020,Melbourne,False,False,4819
TXN00985,B004,3302.97,2026-06-20 08:31:00,Payee_006,BPAY,DEV_014,Melbourne,False,False,3103
TXN00986,B003,3079.19,2026-06-10 11:01:00,Payee_037,BANK_TRANSFER,DEV_019,Melbourne,False,False,3636
TXN00987,B004,1159.23,2026-07-10 08:41:00,Payee_003,BANK_TRANSFER,DEV_016,Melbourne,False,False,803
TXN00988,B003,1813.85,2026-07-09 13:25:00,Payee_011,DIRECT_DEBIT,DEV_011,Perth,False,False,2750
TXN00989,B004,6265.03,2026-07-06 09:39:00,Payee_014,BANK_TRANSFER,DEV_008,Melbourne,False,False,4541
TXN00990,B003,1904.98,2026-08-01 11:05:00,Payee_025,DIRECT_DEBIT,DEV_012,Adelaide,False,False,4069
TXN00991,B001,2771.82,2026-07-15 08:04:00,Payee_034,BPAY,DEV_020,Perth,False,False,2627
TXN00992,B002,4061.81,2026-08-06 09:20:00,Payee_019,DIRECT_DEBIT,DEV_014,Perth,False,False,4274
TXN00993,B002,2816.93,2026-06-22 13:14:00,Payee_012,BPAY,DEV_010,Melbourne,False,False,4415
TXN00994,B002,916.94,2026-08-13 09:31:00,Payee_008,BANK_TRANSFER,DEV_001,Sydney,False,False,2186
TXN00995,B004,1021.36,2026-06-18 16:54:00,Payee_041,BPAY,DEV_015,Sydney,False,False,1356
TXN00996,B002,3177.75,2026-07-04 13:28:00,Payee_080,DIRECT_DEBIT,DEV_007,Perth,False,False,2292
TXN00997,B002,3959.82,2026-08-04 09:29:00,Payee_014,DIRECT_DEBIT,DEV_004,Sydney,True,False,3016
TXN00998,B003,661.75,2026-05-30 15:33:00,Payee_058,BPAY,DEV_009,Melbourne,False,False,734
TXN00999,B004,2623.18,2026-07-11 16:03:00,Payee_057,BPAY,DEV_012,Melbourne,True,False,2237
TXN01000,B004,2588.21,2026-07-29 12:25:00,Payee_023,DIRECT_DEBIT,DEV_009,Adelaide,False,False,2088
TXN_SUSP_001,B001,19895.06,2026-08-22 02:07:00,Payee_115,BANK_TRANSFER,DEV_022,Melbourne,True,True,3790
TXN_SUSP_002,B001,21246.47,2026-08-22 01:34:00,Payee_107,BANK_TRANSFER,DEV_025,Sydney,True,True,3356
TXN_SUSP_003,B005,33158.29,2026-08-22 04:25:00,Payee_107,BANK_TRANSFER,DEV_024,Brisbane,True,True,3865
TXN_SUSP_004,B004,10785.18,2026-08-22 02:22:00,Payee_141,BANK_TRANSFER,DEV_025,Adelaide,True,True,1842
TXN_SUSP_005,B003,20087.22,2026-08-22 02:32:00,Payee_145,BANK_TRANSFER,DEV_030,Perth,True,True,4005
TXN_SUSP_006,B003,42823.76,2026-08-22 02:10:00,Payee_121,BANK_TRANSFER,DEV_022,Sydney,True,True,4492
TXN_SUSP_007,B002,22418.46,2026-08-22 02:00:00,Payee_143,BANK_TRANSFER,DEV_028,Perth,True,True,2360
TXN_SUSP_008,B003,6388.02,2026-08-22 03:56:00,Payee_105,BANK_TRANSFER,DEV_023,Melbourne,True,True,1085
TXN_SUSP_009,B005,24048.1,2026-08-22 01:31:00,Payee_116,BANK_TRANSFER,DEV_028,Melbourne,True,True,2442
TXN_SUSP_010,B001,22148.6,2026-08-22 03:53:00,Payee_115,BANK_TRANSFER,DEV_029,Adelaide,True,True,4354
TXN_SUSP_011,B002,23459.09,2026-08-22 01:06:00,Payee_120,BANK_TRANSFER,DEV_026,Perth,True,True,4092
TXN_SUSP_012,B004,27076.41,2026-08-22 03:42:00,Payee_132,BANK_TRANSFER,DEV_025,Brisbane,True,True,4009
TXN_SUSP_013,B004,9641.38,2026-08-22 03:45:00,Payee_122,BANK_TRANSFER,DEV_029,Adelaide,True,True,1055
TXN_SUSP_014,B004,9276.89,2026-08-22 01:09:00,Payee_127,BANK_TRANSFER,DEV_024,Sydney,True,True,1461
TXN_SUSP_015,B003,15664.6,2026-08-22 04:23:00,Payee_114,BANK_TRANSFER,DEV_022,Sydney,True,True,3039
TXN_SUSP_016,B004,20031.4,2026-08-22 03:56:00,Payee_141,BANK_TRANSFER,DEV_029,Perth,True,True,3616
TXN_SUSP_017,B005,10856.35,2026-08-22 03:56:00,Payee_122,BANK_TRANSFER,DEV_027,Adelaide,True,True,1716
TXN_SUSP_018,B004,48562.5,2026-08-22 03:12:00,Payee_103,BANK_TRANSFER,DEV_030,Adelaide,True,True,4871
TXN_SUSP_019,B003,35601.07,2026-08-22 04:50:00,Payee_130,BANK_TRANSFER,DEV_030,Brisbane,True,True,4416
TXN_SUSP_020,B003,14288.5,2026-08-22 04:59:00,Payee_144,BANK_TRANSFER,DEV_023,Perth,True,True,1451
